ISO-10303-21;
HEADER;
FILE_DESCRIPTION (( 'STEP AP214' ),
    '1' );
FILE_NAME ('EEUFC0J272L.STEP',
    '2021-04-05T04:58:35',
    ( '' ),
    ( '' ),
    'SwSTEP 2.0',
    'SolidWorks 2017',
    '' );
FILE_SCHEMA (( 'AUTOMOTIVE_DESIGN' ));
ENDSEC;

DATA;
#1 = EDGE_CURVE ( 'NONE', #1762, #324, #1102, .T. ) ;
#2 = LINE ( 'NONE', #2800, #1076 ) ;
#3 = FACE_OUTER_BOUND ( 'NONE', #1589, .T. ) ;
#4 = CARTESIAN_POINT ( 'NONE',  ( 2.190500000000000600, 0.0000000000000000000, -0.5140133753123558000 ) ) ;
#5 = CARTESIAN_POINT ( 'NONE',  ( -0.2500000000000028900, 29.74999999999999600, -0.2500000000000000000 ) ) ;
#6 = CIRCLE ( 'NONE', #507, 4.200000000000001100 ) ;
#7 = AXIS2_PLACEMENT_3D ( 'NONE', #471, #1341, #895 ) ;
#8 = CIRCLE ( 'NONE', #1387, 4.069767441860467900 ) ;
#9 = EDGE_CURVE ( 'NONE', #2262, #2729, #2235, .T. ) ;
#10 = ORIENTED_EDGE ( 'NONE', *, *, #1359, .F. ) ;
#11 = VERTEX_POINT ( 'NONE', #2516 ) ;
#12 = DIRECTION ( 'NONE',  ( 0.0000000000000000000, 0.0000000000000000000, -1.000000000000000000 ) ) ;
#13 = ORIENTED_EDGE ( 'NONE', *, *, #279, .F. ) ;
#14 = DIRECTION ( 'NONE',  ( 0.8660254037844381500, 0.0000000000000000000, 0.5000000000000010000 ) ) ;
#15 = CARTESIAN_POINT ( 'NONE',  ( 2.500000000000000000, -14.00000000000000000, 0.0000000000000000000 ) ) ;
#16 = ORIENTED_EDGE ( 'NONE', *, *, #2733, .F. ) ;
#17 = ORIENTED_EDGE ( 'NONE', *, *, #2206, .T. ) ;
#18 = DIRECTION ( 'NONE',  ( 0.8660254037844380400, 0.0000000000000000000, 0.5000000000000011100 ) ) ;
#19 = AXIS2_PLACEMENT_3D ( 'NONE', #1186, #509, #950 ) ;
#20 = ORIENTED_EDGE ( 'NONE', *, *, #294, .T. ) ;
#21 = VERTEX_POINT ( 'NONE', #2763 ) ;
#22 = AXIS2_PLACEMENT_3D ( 'NONE', #1024, #2817, #829 ) ;
#23 = VERTEX_POINT ( 'NONE', #524 ) ;
#24 = UNCERTAINTY_MEASURE_WITH_UNIT (LENGTH_MEASURE( 1.000000000000000100E-005 ), #746, 'distance_accuracy_value', 'NONE');
#25 = EDGE_CURVE ( 'NONE', #2046, #2160, #2353, .T. ) ;
#26 = AXIS2_PLACEMENT_3D ( 'NONE', #271, #2483, #1142 ) ;
#27 = VECTOR ( 'NONE', #1453, 1000.000000000000000 ) ;
#28 = CIRCLE ( 'NONE', #403, 1.116279069767440500 ) ;
#29 = CARTESIAN_POINT ( 'NONE',  ( -2.190500000000000100, 0.05000000000000000300, -0.5140133753123550300 ) ) ;
#30 = CARTESIAN_POINT ( 'NONE',  ( 0.2500000000000015000, 29.74999999999999600, 4.192552921550303700 ) ) ;
#31 = CYLINDRICAL_SURFACE ( 'NONE', #1063, 1.850000000000000300 ) ;
#32 = VERTEX_POINT ( 'NONE', #789 ) ;
#33 = TOROIDAL_SURFACE ( 'NONE', #1329, 5.558139534883721000, 1.534883720930233100 ) ;
#34 = CARTESIAN_POINT ( 'NONE',  ( 3.363400986790726000, 8.755477190138080300, -1.941860465116283200 ) ) ;
#35 = ADVANCED_FACE ( 'NONE', ( #1480 ), #2818, .T. ) ;
#36 = CARTESIAN_POINT ( 'NONE',  ( -0.2250000000000000100, 0.1000000000000000100, -2.238721733489895000 ) ) ;
#37 = EDGE_CURVE ( 'NONE', #1264, #2284, #1550, .T. ) ;
#38 = FACE_OUTER_BOUND ( 'NONE', #650, .T. ) ;
#39 = CARTESIAN_POINT ( 'NONE',  ( 4.330127018922191900, 1.500000000000000000, -2.500000000000005800 ) ) ;
#40 = EDGE_CURVE ( 'NONE', #2760, #2136, #2738, .T. ) ;
#41 = VERTEX_POINT ( 'NONE', #552 ) ;
#42 = ORIENTED_EDGE ( 'NONE', *, *, #1176, .T. ) ;
#43 = EDGE_LOOP ( 'NONE', ( #914, #2218, #318, #1713 ) ) ;
#44 = CARTESIAN_POINT ( 'NONE',  ( -0.2499999999999985800, 29.74999999999999600, 4.192552921550303700 ) ) ;
#45 = ORIENTED_EDGE ( 'NONE', *, *, #1280, .F. ) ;
#46 = ORIENTED_EDGE ( 'NONE', *, *, #1406, .T. ) ;
#47 = ORIENTED_EDGE ( 'NONE', *, *, #472, .T. ) ;
#48 = VERTEX_POINT ( 'NONE', #2538 ) ;
#49 = DIRECTION ( 'NONE',  ( 0.0000000000000000000, 1.000000000000000000, 0.0000000000000000000 ) ) ;
#50 = ORIENTED_EDGE ( 'NONE', *, *, #1049, .F. ) ;
#51 =( GEOMETRIC_REPRESENTATION_CONTEXT ( 3 ) GLOBAL_UNCERTAINTY_ASSIGNED_CONTEXT ( ( #1091 ) ) GLOBAL_UNIT_ASSIGNED_CONTEXT ( ( #1146, #2263, #499 ) ) REPRESENTATION_CONTEXT ( 'NONE', 'WORKASPACE' ) );
#52 = FILL_AREA_STYLE_COLOUR ( '', #453 ) ;
#53 = VERTEX_POINT ( 'NONE', #2770 ) ;
#54 = DIRECTION ( 'NONE',  ( 1.000000000000000000, -7.992118871464570300E-017, 0.0000000000000000000 ) ) ;
#55 = DIRECTION ( 'NONE',  ( -4.729651919765296600E-017, -1.000000000000000000, 1.818023548148215800E-017 ) ) ;
#56 = EDGE_CURVE ( 'NONE', #2092, #2009, #1303, .T. ) ;
#57 = LINE ( 'NONE', #1512, #2558 ) ;
#58 = CARTESIAN_POINT ( 'NONE',  ( -0.2250000000000000100, 0.0000000000000000000, 2.489854413414567700 ) ) ;
#59 = AXIS2_PLACEMENT_3D ( 'NONE', #410, #1687, #1946 ) ;
#60 = CYLINDRICAL_SURFACE ( 'NONE', #820, 0.3000000000000001000 ) ;
#61 = LINE ( 'NONE', #2513, #238 ) ;
#62 = DIRECTION ( 'NONE',  ( -0.0000000000000000000, 1.000000000000000000, -0.0000000000000000000 ) ) ;
#63 = DIRECTION ( 'NONE',  ( 1.000000000000000000, 0.0000000000000000000, 0.0000000000000000000 ) ) ;
#64 = LINE ( 'NONE', #2352, #1106 ) ;
#65 = PRESENTATION_STYLE_ASSIGNMENT (( #1903 ) ) ;
#66 = CIRCLE ( 'NONE', #321, 1.116279069767441200 ) ;
#67 = DIRECTION ( 'NONE',  ( -1.000000000000000000, 0.0000000000000000000, 0.0000000000000000000 ) ) ;
#68 = COLOUR_RGB ( '',0.7921568627450980000, 0.8196078431372548800, 0.9333333333333333500 ) ;
#69 = CARTESIAN_POINT ( 'NONE',  ( -3.869767441860461500, 29.89999999999999500, 4.739098311119056300E-016 ) ) ;
#70 = EDGE_CURVE ( 'NONE', #2659, #1141, #1070, .T. ) ;
#71 = VERTEX_POINT ( 'NONE', #999 ) ;
#72 = EDGE_CURVE ( 'NONE', #41, #2688, #1037, .T. ) ;
#73 = CARTESIAN_POINT ( 'NONE',  ( 3.166581116153228600E-016, 30.00000000000000000, -1.181784161177198500E-015 ) ) ;
#74 = ADVANCED_FACE ( 'NONE', ( #751 ), #383, .F. ) ;
#75 = ORIENTED_EDGE ( 'NONE', *, *, #1155, .F. ) ;
#76 = ORIENTED_EDGE ( 'NONE', *, *, #1486, .F. ) ;
#77 = DIRECTION ( 'NONE',  ( 1.000000000000000000, -7.878561074514640800E-017, 0.0000000000000000000 ) ) ;
#78 = ORIENTED_EDGE ( 'NONE', *, *, #1170, .F. ) ;
#79 = CARTESIAN_POINT ( 'NONE',  ( 6.216195016648603000E-016, 7.890013110079941300, 0.0000000000000000000 ) ) ;
#80 = ORIENTED_EDGE ( 'NONE', *, *, #2664, .F. ) ;
#81 = EDGE_LOOP ( 'NONE', ( #2657, #255, #2507, #189 ) ) ;
#82 = CARTESIAN_POINT ( 'NONE',  ( -0.2499999999999988600, 29.89999999999999500, -3.861683577674803300 ) ) ;
#83 = CARTESIAN_POINT ( 'NONE',  ( 0.2500000000000012800, 29.74999999999999600, 3.861683577674802900 ) ) ;
#84 = EDGE_CURVE ( 'NONE', #949, #1500, #168, .T. ) ;
#85 = CARTESIAN_POINT ( 'NONE',  ( 2.500000000000000000, 0.9499999999999998400, 0.0000000000000000000 ) ) ;
#86 = CARTESIAN_POINT ( 'NONE',  ( 2.602085213965210600E-015, 29.19999999999999900, 0.0000000000000000000 ) ) ;
#87 = ADVANCED_FACE ( 'NONE', ( #1852 ), #60, .T. ) ;
#88 = DIRECTION ( 'NONE',  ( 0.0000000000000000000, -1.000000000000000000, 0.0000000000000000000 ) ) ;
#89 = EDGE_CURVE ( 'NONE', #1289, #1683, #795, .T. ) ;
#90 = CARTESIAN_POINT ( 'NONE',  ( 3.659215661947349200E-016, 4.644522809861920900, 0.0000000000000000000 ) ) ;
#91 = DIRECTION ( 'NONE',  ( 1.000000000000000000, -5.328079247643046800E-017, 0.0000000000000000000 ) ) ;
#92 = CIRCLE ( 'NONE', #1846, 5.000000000000000000 ) ;
#93 = AXIS2_PLACEMENT_3D ( 'NONE', #381, #1046, #1260 ) ;
#94 = TOROIDAL_SURFACE ( 'NONE', #2782, 3.883720930232561500, 1.116279069767440500 ) ;
#95 = EDGE_CURVE ( 'NONE', #41, #1815, #210, .T. ) ;
#96 = DIRECTION ( 'NONE',  ( 0.0000000000000000000, 0.0000000000000000000, 1.000000000000000000 ) ) ;
#97 = FACE_OUTER_BOUND ( 'NONE', #1878, .T. ) ;
#98 = CIRCLE ( 'NONE', #2320, 3.869767441860461500 ) ;
#99 = AXIS2_PLACEMENT_3D ( 'NONE', #406, #862, #1510 ) ;
#100 = LINE ( 'NONE', #1051, #2709 ) ;
#101 = CARTESIAN_POINT ( 'NONE',  ( 4.341076823201015900E-016, 5.509986889920058100, 0.0000000000000000000 ) ) ;
#102 = DIRECTION ( 'NONE',  ( 1.000000000000000000, -7.878561074514640800E-017, 0.0000000000000000000 ) ) ;
#103 = DIRECTION ( 'NONE',  ( -0.8660254037844380400, 6.823034035796898300E-017, -0.5000000000000010000 ) ) ;
#104 = CIRCLE ( 'NONE', #2264, 0.7999999999999997100 ) ;
#105 = CARTESIAN_POINT ( 'NONE',  ( 4.330127018922193600, -17.00000000000000000, -2.500000000000005300 ) ) ;
#106 = CARTESIAN_POINT ( 'NONE',  ( -0.2250000000000000100, 0.8000000000000003800, -2.489854413414567300 ) ) ;
#107 = LINE ( 'NONE', #1035, #1701 ) ;
#108 = ADVANCED_FACE ( 'NONE', ( #712 ), #136, .T. ) ;
#109 = DIRECTION ( 'NONE',  ( 0.8660254037844380400, -6.823034035796898300E-017, -0.5000000000000010000 ) ) ;
#110 = AXIS2_PLACEMENT_3D ( 'NONE', #952, #49, #723 ) ;
#111 = ORIENTED_EDGE ( 'NONE', *, *, #195, .F. ) ;
#112 = DIRECTION ( 'NONE',  ( 1.000000000000000000, -7.878561074514642100E-017, 0.0000000000000000000 ) ) ;
#113 = PLANE ( 'NONE',  #2161 ) ;
#114 = CARTESIAN_POINT ( 'NONE',  ( 4.330127018922191900, 1.431939090504939900E-015, -2.500000000000005800 ) ) ;
#115 = ORIENTED_EDGE ( 'NONE', *, *, #2157, .T. ) ;
#116 = CARTESIAN_POINT ( 'NONE',  ( 0.2250000000000000100, -5.445246459068680000, -2.489854413414567300 ) ) ;
#117 = EDGE_CURVE ( 'NONE', #1500, #497, #830, .T. ) ;
#118 = ORIENTED_EDGE ( 'NONE', *, *, #56, .T. ) ;
#119 = AXIS2_PLACEMENT_3D ( 'NONE', #620, #2168, #188 ) ;
#120 = ORIENTED_EDGE ( 'NONE', *, *, #2882, .T. ) ;
#121 = ORIENTED_EDGE ( 'NONE', *, *, #848, .F. ) ;
#122 = CARTESIAN_POINT ( 'NONE',  ( 4.341076823201015900E-016, 5.509986889920058100, 0.0000000000000000000 ) ) ;
#123 = EDGE_LOOP ( 'NONE', ( #1885, #151, #1384, #885 ) ) ;
#124 = DIRECTION ( 'NONE',  ( 0.0000000000000000000, 1.000000000000000000, 0.0000000000000000000 ) ) ;
#125 = ADVANCED_FACE ( 'NONE', ( #683 ), #1490, .F. ) ;
#126 = DIRECTION ( 'NONE',  ( 0.0000000000000000000, 1.000000000000000000, 0.0000000000000000000 ) ) ;
#127 = ORIENTED_EDGE ( 'NONE', *, *, #943, .T. ) ;
#128 = DIRECTION ( 'NONE',  ( 1.000000000000000000, -7.878561074514642100E-017, 0.0000000000000000000 ) ) ;
#129 = CARTESIAN_POINT ( 'NONE',  ( 9.454273289417566800E-017, 1.199999999999999700, 0.0000000000000000000 ) ) ;
#130 = ORIENTED_EDGE ( 'NONE', *, *, #176, .T. ) ;
#131 = CARTESIAN_POINT ( 'NONE',  ( -4.192552921550301900, 29.89999999999999500, -0.2500000000000000000 ) ) ;
#132 = DIRECTION ( 'NONE',  ( -0.0000000000000000000, -1.000000000000000000, -0.0000000000000000000 ) ) ;
#133 = AXIS2_PLACEMENT_3D ( 'NONE', #2643, #2860, #2630 ) ;
#134 = CARTESIAN_POINT ( 'NONE',  ( 0.0000000000000000000, 0.1000000000000000100, 0.0000000000000000000 ) ) ;
#135 = EDGE_CURVE ( 'NONE', #261, #2160, #2670, .T. ) ;
#136 = CYLINDRICAL_SURFACE ( 'NONE', #2880, 4.999999999999999100 ) ;
#137 = VECTOR ( 'NONE', #103, 1000.000000000000000 ) ;
#138 = AXIS2_PLACEMENT_3D ( 'NONE', #1746, #1541, #2881 ) ;
#139 = ADVANCED_FACE ( 'NONE', ( #1723 ), #2164, .T. ) ;
#140 = CARTESIAN_POINT ( 'NONE',  ( 3.524521992145970700, 0.6999999999999998400, -2.034883720930237900 ) ) ;
#141 = LINE ( 'NONE', #1470, #1824 ) ;
#142 = CARTESIAN_POINT ( 'NONE',  ( 2.773682599278156400E-015, -17.00000000000000000, 0.0000000000000000000 ) ) ;
#143 = AXIS2_PLACEMENT_3D ( 'NONE', #79, #1449, #1671 ) ;
#144 = DIRECTION ( 'NONE',  ( -0.5000000000000008900, 3.939280537257327800E-017, -0.8660254037844381500 ) ) ;
#145 = FACE_OUTER_BOUND ( 'NONE', #315, .T. ) ;
#146 = DIRECTION ( 'NONE',  ( 1.000000000000000000, 0.0000000000000000000, 0.0000000000000000000 ) ) ;
#147 = LINE ( 'NONE', #1843, #1244 ) ;
#148 = VERTEX_POINT ( 'NONE', #140 ) ;
#149 = DIRECTION ( 'NONE',  ( 0.0000000000000000000, 0.0000000000000000000, 1.000000000000000000 ) ) ;
#150 = EDGE_CURVE ( 'NONE', #2545, #1281, #92, .T. ) ;
#151 = ORIENTED_EDGE ( 'NONE', *, *, #2219, .T. ) ;
#152 = CARTESIAN_POINT ( 'NONE',  ( 2.363568322354392200E-015, 30.00000000000000000, 0.0000000000000000000 ) ) ;
#153 = CARTESIAN_POINT ( 'NONE',  ( 2.300539833758275100E-015, 29.19999999999999900, 0.0000000000000000000 ) ) ;
#154 = VERTEX_POINT ( 'NONE', #2121 ) ;
#155 = EDGE_CURVE ( 'NONE', #941, #1284, #2893, .T. ) ;
#156 = EDGE_CURVE ( 'NONE', #267, #535, #2423, .T. ) ;
#157 = ORIENTED_EDGE ( 'NONE', *, *, #2312, .F. ) ;
#158 = PLANE ( 'NONE',  #1969 ) ;
#159 = VERTEX_POINT ( 'NONE', #1233 ) ;
#160 = PLANE ( 'NONE',  #22 ) ;
#161 = DIRECTION ( 'NONE',  ( 1.000000000000000000, 0.0000000000000000000, 0.0000000000000000000 ) ) ;
#162 = ORIENTED_EDGE ( 'NONE', *, *, #536, .F. ) ;
#163 = CARTESIAN_POINT ( 'NONE',  ( 9.454273289417566800E-017, 1.199999999999999700, 0.0000000000000000000 ) ) ;
#164 = DIRECTION ( 'NONE',  ( -7.878561074514640800E-017, -1.000000000000000000, -0.0000000000000000000 ) ) ;
#165 = ADVANCED_FACE ( 'NONE', ( #2058 ), #160, .F. ) ;
#166 = ORIENTED_EDGE ( 'NONE', *, *, #2114, .F. ) ;
#167 = DIRECTION ( 'NONE',  ( 0.0000000000000000000, 0.0000000000000000000, 1.000000000000000000 ) ) ;
#168 = LINE ( 'NONE', #1653, #1330 ) ;
#169 = CARTESIAN_POINT ( 'NONE',  ( -7.203804700866403400E-020, 29.74999999999999600, 0.0000000000000000000 ) ) ;
#170 = FACE_OUTER_BOUND ( 'NONE', #742, .T. ) ;
#171 = AXIS2_PLACEMENT_3D ( 'NONE', #2005, #1988, #2691 ) ;
#172 = CARTESIAN_POINT ( 'NONE',  ( 6.898056177902270200E-016, 8.755477190138080300, 0.0000000000000000000 ) ) ;
#173 = LINE ( 'NONE', #1639, #2824 ) ;
#174 = CARTESIAN_POINT ( 'NONE',  ( 4.330127018922193600, 8.755477190138080300, 2.500000000000005300 ) ) ;
#175 = FACE_OUTER_BOUND ( 'NONE', #637, .T. ) ;
#176 = EDGE_CURVE ( 'NONE', #2847, #2654, #897, .T. ) ;
#177 = VECTOR ( 'NONE', #62, 1000.000000000000000 ) ;
#178 = PRODUCT_DEFINITION_CONTEXT ( 'detailed design', #1018, 'design' ) ;
#179 = AXIS2_PLACEMENT_3D ( 'NONE', #1259, #1036, #2823 ) ;
#180 = TOROIDAL_SURFACE ( 'NONE', #645, 3.883720930232559300, 1.116279069767441000 ) ;
#181 =( LENGTH_UNIT ( ) NAMED_UNIT ( * ) SI_UNIT ( .MILLI., .METRE. ) );
#182 = PLANE ( 'NONE',  #616 ) ;
#183 = DIRECTION ( 'NONE',  ( 0.8660254037844381500, 0.0000000000000000000, -0.5000000000000008900 ) ) ;
#184 = VECTOR ( 'NONE', #2145, 1000.000000000000000 ) ;
#185 = CARTESIAN_POINT ( 'NONE',  ( 4.330127018922191000, 4.644522809861920900, 2.500000000000005800 ) ) ;
#186 = DIRECTION ( 'NONE',  ( -7.878561074514640800E-017, -1.000000000000000000, -0.0000000000000000000 ) ) ;
#187 = ORIENTED_EDGE ( 'NONE', *, *, #246, .T. ) ;
#188 = DIRECTION ( 'NONE',  ( 1.000000000000000000, 0.0000000000000000000, 0.0000000000000000000 ) ) ;
#189 = ORIENTED_EDGE ( 'NONE', *, *, #1768, .F. ) ;
#190 = CARTESIAN_POINT ( 'NONE',  ( 3.973964796557968100, 5.509986889920058100, -2.294369645042845500 ) ) ;
#191 = ORIENTED_EDGE ( 'NONE', *, *, #1125, .T. ) ;
#192 = CARTESIAN_POINT ( 'NONE',  ( 3.869767441860463300, 29.69999999999999600, 0.0000000000000000000 ) ) ;
#193 = EDGE_CURVE ( 'NONE', #476, #1815, #2207, .T. ) ;
#194 = DIRECTION ( 'NONE',  ( 0.0000000000000000000, 0.0000000000000000000, 1.000000000000000000 ) ) ;
#195 = EDGE_CURVE ( 'NONE', #2038, #374, #2384, .T. ) ;
#196 = ORIENTED_EDGE ( 'NONE', *, *, #2740, .T. ) ;
#197 = ORIENTED_EDGE ( 'NONE', *, *, #979, .F. ) ;
#198 =( NAMED_UNIT ( * ) SI_UNIT ( $, .STERADIAN. ) SOLID_ANGLE_UNIT ( ) );
#199 = ORIENTED_EDGE ( 'NONE', *, *, #422, .T. ) ;
#200 = AXIS2_PLACEMENT_3D ( 'NONE', #2436, #1775, #194 ) ;
#201 = ORIENTED_EDGE ( 'NONE', *, *, #1450, .T. ) ;
#202 =( GEOMETRIC_REPRESENTATION_CONTEXT ( 3 ) GLOBAL_UNCERTAINTY_ASSIGNED_CONTEXT ( ( #236 ) ) GLOBAL_UNIT_ASSIGNED_CONTEXT ( ( #181, #653, #1720 ) ) REPRESENTATION_CONTEXT ( 'NONE', 'WORKASPACE' ) );
#203 = DIRECTION ( 'NONE',  ( 4.802536467244269600E-019, 1.000000000000000000, 0.0000000000000000000 ) ) ;
#204 = CARTESIAN_POINT ( 'NONE',  ( 1.181784161177196600E-016, 1.500000000000000400, 0.0000000000000000000 ) ) ;
#205 = ORIENTED_EDGE ( 'NONE', *, *, #2821, .T. ) ;
#206 = SURFACE_SIDE_STYLE ('',( #631 ) ) ;
#207 = VECTOR ( 'NONE', #718, 1000.000000000000000 ) ;
#208 =( NAMED_UNIT ( * ) PLANE_ANGLE_UNIT ( ) SI_UNIT ( $, .RADIAN. ) );
#209 = MECHANICAL_DESIGN_GEOMETRIC_PRESENTATION_REPRESENTATION (  '', ( #2334 ), #415 ) ;
#210 = LINE ( 'NONE', #2372, #2487 ) ;
#211 = FACE_OUTER_BOUND ( 'NONE', #1980, .T. ) ;
#212 = DIRECTION ( 'NONE',  ( 0.0000000000000000000, 0.0000000000000000000, 1.000000000000000000 ) ) ;
#213 = LINE ( 'NONE', #2568, #719 ) ;
#214 = CARTESIAN_POINT ( 'NONE',  ( 3.351316911389080400, 29.69999999999999600, 1.934883720930235000 ) ) ;
#215 = EDGE_CURVE ( 'NONE', #1874, #267, #2518, .T. ) ;
#216 = DIRECTION ( 'NONE',  ( -7.878561074514640800E-017, -1.000000000000000000, -0.0000000000000000000 ) ) ;
#217 = CYLINDRICAL_SURFACE ( 'NONE', #1243, 2.250000000000000400 ) ;
#218 = AXIS2_PLACEMENT_3D ( 'NONE', #142, #2569, #1473 ) ;
#219 = FILL_AREA_STYLE ('',( #2639 ) ) ;
#220 = DIRECTION ( 'NONE',  ( 0.8660254037844380400, 1.055527038717743000E-017, 0.5000000000000010000 ) ) ;
#221 = ORIENTED_EDGE ( 'NONE', *, *, #298, .F. ) ;
#222 = CLOSED_SHELL ( 'NONE', ( #823, #699, #1012, #2154 ) ) ;
#223 = ORIENTED_EDGE ( 'NONE', *, *, #484, .F. ) ;
#224 = CARTESIAN_POINT ( 'NONE',  ( -2.190500000000000100, 0.05000000000000000300, 0.5140133753123548000 ) ) ;
#225 = ORIENTED_EDGE ( 'NONE', *, *, #1505, .T. ) ;
#226 = CARTESIAN_POINT ( 'NONE',  ( -0.2500000000000028900, 29.74999999999999600, 0.2500000000000000000 ) ) ;
#227 = EDGE_LOOP ( 'NONE', ( #2159, #1388, #115, #2536, #669, #1535, #2019, #319, #818, #2469, #2368, #1082 ) ) ;
#228 = VERTEX_POINT ( 'NONE', #1735 ) ;
#229 = EDGE_CURVE ( 'NONE', #910, #2654, #1235, .T. ) ;
#230 = EDGE_CURVE ( 'NONE', #1084, #778, #2143, .T. ) ;
#231 = ORIENTED_EDGE ( 'NONE', *, *, #135, .F. ) ;
#232 = ORIENTED_EDGE ( 'NONE', *, *, #2759, .T. ) ;
#233 = VERTEX_POINT ( 'NONE', #2170 ) ;
#234 = SURFACE_STYLE_USAGE ( .BOTH. , #1298 ) ;
#235 = CARTESIAN_POINT ( 'NONE',  ( 0.0000000000000000000, 0.0000000000000000000, 0.0000000000000000000 ) ) ;
#236 = UNCERTAINTY_MEASURE_WITH_UNIT (LENGTH_MEASURE( 1.000000000000000100E-005 ), #181, 'distance_accuracy_value', 'NONE');
#237 = VECTOR ( 'NONE', #1040, 1000.000000000000000 ) ;
#238 = VECTOR ( 'NONE', #326, 1000.000000000000000 ) ;
#239 = EDGE_CURVE ( 'NONE', #71, #984, #1930, .T. ) ;
#240 = CIRCLE ( 'NONE', #2426, 1.116279069767440300 ) ;
#241 = DIRECTION ( 'NONE',  ( -7.878561074514640800E-017, -1.000000000000000000, -0.0000000000000000000 ) ) ;
#242 = FACE_OUTER_BOUND ( 'NONE', #611, .T. ) ;
#243 = CYLINDRICAL_SURFACE ( 'NONE', #902, 2.250000000000000400 ) ;
#244 = AXIS2_PLACEMENT_3D ( 'NONE', #649, #2191, #2884 ) ;
#245 = LINE ( 'NONE', #515, #1662 ) ;
#246 = EDGE_CURVE ( 'NONE', #535, #411, #544, .T. ) ;
#247 = ORIENTED_EDGE ( 'NONE', *, *, #893, .T. ) ;
#248 = AXIS2_PLACEMENT_3D ( 'NONE', #1097, #1564, #450 ) ;
#249 = DIRECTION ( 'NONE',  ( -0.0000000000000000000, -1.000000000000000000, -0.0000000000000000000 ) ) ;
#250 = DIRECTION ( 'NONE',  ( 0.5000000000000010000, -3.939280537257328400E-017, -0.8660254037844380400 ) ) ;
#251 = EDGE_LOOP ( 'NONE', ( #533, #1596 ) ) ;
#252 = DIRECTION ( 'NONE',  ( -7.878561074514640800E-017, -1.000000000000000000, 0.0000000000000000000 ) ) ;
#253 = ADVANCED_FACE ( 'NONE', ( #1690 ), #182, .F. ) ;
#254 = EDGE_LOOP ( 'NONE', ( #537, #1206, #2413, #2043 ) ) ;
#255 = ORIENTED_EDGE ( 'NONE', *, *, #150, .T. ) ;
#256 = ORIENTED_EDGE ( 'NONE', *, *, #1786, .F. ) ;
#257 = PRESENTATION_LAYER_ASSIGNMENT (  '', '', ( #1290 ) ) ;
#258 = ORIENTED_EDGE ( 'NONE', *, *, #335, .T. ) ;
#259 = DIRECTION ( 'NONE',  ( 0.0000000000000000000, 0.0000000000000000000, -1.000000000000000000 ) ) ;
#260 = ORIENTED_EDGE ( 'NONE', *, *, #739, .F. ) ;
#261 = VERTEX_POINT ( 'NONE', #1721 ) ;
#262 = EDGE_CURVE ( 'NONE', #2408, #2654, #1367, .T. ) ;
#263 = AXIS2_PLACEMENT_3D ( 'NONE', #664, #1602, #1213 ) ;
#264 = SURFACE_STYLE_USAGE ( .BOTH. , #1803 ) ;
#265 = ADVANCED_FACE ( 'NONE', ( #339 ), #483, .T. ) ;
#266 = CARTESIAN_POINT ( 'NONE',  ( 3.869767441860463300, 29.74999999999999600, 0.0000000000000000000 ) ) ;
#267 = VERTEX_POINT ( 'NONE', #654 ) ;
#268 = CIRCLE ( 'NONE', #602, 0.8000000000000003800 ) ;
#269 = CIRCLE ( 'NONE', #929, 4.069767441860467900 ) ;
#270 = PRESENTATION_STYLE_ASSIGNMENT (( #234 ) ) ;
#271 = CARTESIAN_POINT ( 'NONE',  ( 0.0000000000000000000, 0.0000000000000000000, 0.0000000000000000000 ) ) ;
#272 = LINE ( 'NONE', #758, #1554 ) ;
#273 = DIRECTION ( 'NONE',  ( 1.000000000000000000, 0.0000000000000000000, 0.0000000000000000000 ) ) ;
#274 = FACE_OUTER_BOUND ( 'NONE', #1979, .T. ) ;
#275 = DIRECTION ( 'NONE',  ( 1.000000000000000000, 0.0000000000000000000, 0.0000000000000000000 ) ) ;
#276 = AXIS2_PLACEMENT_3D ( 'NONE', #1109, #2448, #2669 ) ;
#277 = LINE ( 'NONE', #2831, #966 ) ;
#278 = CARTESIAN_POINT ( 'NONE',  ( 3.351316911389080400, 29.69999999999999600, -1.934883720930234500 ) ) ;
#279 = EDGE_CURVE ( 'NONE', #492, #71, #996, .T. ) ;
#280 = AXIS2_PLACEMENT_3D ( 'NONE', #959, #88, #1855 ) ;
#281 = CARTESIAN_POINT ( 'NONE',  ( 0.2499999999999980600, 29.74999999999999600, -0.2500000000000000000 ) ) ;
#282 = ORIENTED_EDGE ( 'NONE', *, *, #1607, .F. ) ;
#283 = CARTESIAN_POINT ( 'NONE',  ( -3.861683577674802400, 29.89999999999999500, 0.2500000000000000000 ) ) ;
#284 = ORIENTED_EDGE ( 'NONE', *, *, #1800, .T. ) ;
#285 = PRESENTATION_LAYER_ASSIGNMENT (  '', '', ( #2788 ) ) ;
#286 = EDGE_LOOP ( 'NONE', ( #680, #1318, #1474, #394 ) ) ;
#287 = DIRECTION ( 'NONE',  ( -7.878561074514640800E-017, -1.000000000000000000, -0.0000000000000000000 ) ) ;
#288 = ORIENTED_EDGE ( 'NONE', *, *, #1603, .T. ) ;
#289 = ORIENTED_EDGE ( 'NONE', *, *, #878, .F. ) ;
#290 = ORIENTED_EDGE ( 'NONE', *, *, #840, .T. ) ;
#291 = ORIENTED_EDGE ( 'NONE', *, *, #2012, .F. ) ;
#292 = DIRECTION ( 'NONE',  ( 0.8660254037844380400, 1.055527038717743000E-017, 0.5000000000000010000 ) ) ;
#293 = EDGE_LOOP ( 'NONE', ( #1777, #648, #1566, #2079 ) ) ;
#294 = EDGE_CURVE ( 'NONE', #2262, #851, #870, .T. ) ;
#295 = CARTESIAN_POINT ( 'NONE',  ( 3.637306695894641200, 30.00000000000000000, -2.100000000000003600 ) ) ;
#296 = ADVANCED_FACE ( 'NONE', ( #835 ), #1765, .F. ) ;
#297 = VERTEX_POINT ( 'NONE', #192 ) ;
#298 = EDGE_CURVE ( 'NONE', #891, #1568, #2026, .T. ) ;
#299 = EDGE_CURVE ( 'NONE', #908, #973, #2631, .T. ) ;
#300 = DIRECTION ( 'NONE',  ( 0.8660254037844381500, 1.055527038717743200E-017, -0.5000000000000008900 ) ) ;
#301 = VECTOR ( 'NONE', #965, 1000.000000000000000 ) ;
#302 = DIRECTION ( 'NONE',  ( -1.000000000000000000, 0.0000000000000000000, 0.0000000000000000000 ) ) ;
#303 = CIRCLE ( 'NONE', #721, 4.023255813953487500 ) ;
#304 = CIRCLE ( 'NONE', #2233, 4.588739290085682000 ) ;
#305 = DIRECTION ( 'NONE',  ( 4.802536467244269600E-019, 1.000000000000000000, 0.0000000000000000000 ) ) ;
#306 = LINE ( 'NONE', #1547, #2523 ) ;
#307 = LINE ( 'NONE', #2396, #1420 ) ;
#308 = ADVANCED_FACE ( 'NONE', ( #1271 ), #2223, .F. ) ;
#309 = AXIS2_PLACEMENT_3D ( 'NONE', #34, #2714, #1181 ) ;
#310 = CIRCLE ( 'NONE', #1143, 4.069767441860467900 ) ;
#311 = LINE ( 'NONE', #668, #1998 ) ;
#312 = CIRCLE ( 'NONE', #697, 3.869767441860462000 ) ;
#313 = DIRECTION ( 'NONE',  ( 0.0000000000000000000, 1.000000000000000000, -0.0000000000000000000 ) ) ;
#314 = DIRECTION ( 'NONE',  ( -7.878561074514640800E-017, -1.000000000000000000, -0.0000000000000000000 ) ) ;
#315 = EDGE_LOOP ( 'NONE', ( #2227, #2252 ) ) ;
#316 = EDGE_CURVE ( 'NONE', #731, #1184, #2108, .T. ) ;
#317 = CARTESIAN_POINT ( 'NONE',  ( 0.0000000000000000000, 0.0000000000000000000, 0.0000000000000000000 ) ) ;
#318 = ORIENTED_EDGE ( 'NONE', *, *, #1216, .T. ) ;
#319 = ORIENTED_EDGE ( 'NONE', *, *, #2226, .T. ) ;
#320 = DIRECTION ( 'NONE',  ( -7.878561074514640800E-017, -1.000000000000000000, -0.0000000000000000000 ) ) ;
#321 = AXIS2_PLACEMENT_3D ( 'NONE', #1424, #1887, #2112 ) ;
#322 = UNCERTAINTY_MEASURE_WITH_UNIT (LENGTH_MEASURE( 1.000000000000000100E-005 ), #2876, 'distance_accuracy_value', 'NONE');
#323 = CARTESIAN_POINT ( 'NONE',  ( 1.050850208202475000E-015, 29.74999999999999600, 0.0000000000000000000 ) ) ;
#324 = VERTEX_POINT ( 'NONE', #2680 ) ;
#325 = ADVANCED_FACE ( 'NONE', ( #1656 ), #2444, .F. ) ;
#326 = DIRECTION ( 'NONE',  ( -1.000000000000000000, -0.0000000000000000000, -0.0000000000000000000 ) ) ;
#327 = ORIENTED_EDGE ( 'NONE', *, *, #1359, .T. ) ;
#328 = ORIENTED_EDGE ( 'NONE', *, *, #2274, .F. ) ;
#329 = CARTESIAN_POINT ( 'NONE',  ( 0.0000000000000000000, 0.0000000000000000000, 0.0000000000000000000 ) ) ;
#330 = ORIENTED_EDGE ( 'NONE', *, *, #2374, .F. ) ;
#331 = CARTESIAN_POINT ( 'NONE',  ( 2.363568322354392200E-015, 30.00000000000000000, 0.0000000000000000000 ) ) ;
#332 = VERTEX_POINT ( 'NONE', #2450 ) ;
#333 = CARTESIAN_POINT ( 'NONE',  ( 7.484633020788911200E-017, 0.9500000000000002900, 0.0000000000000000000 ) ) ;
#334 = ORIENTED_EDGE ( 'NONE', *, *, #779, .F. ) ;
#335 = EDGE_CURVE ( 'NONE', #778, #261, #2600, .T. ) ;
#336 = DIRECTION ( 'NONE',  ( -7.878561074514640800E-017, -1.000000000000000000, -0.0000000000000000000 ) ) ;
#337 = CARTESIAN_POINT ( 'NONE',  ( -2.427999999999999900, 0.9500000000000002900, 0.5956643350075610000 ) ) ;
#338 = EDGE_CURVE ( 'NONE', #1666, #148, #1075, .T. ) ;
#339 = FACE_OUTER_BOUND ( 'NONE', #2615, .T. ) ;
#340 = VECTOR ( 'NONE', #2665, 1000.000000000000000 ) ;
#341 = ADVANCED_FACE ( 'NONE', ( #2561 ), #1556, .F. ) ;
#342 = CARTESIAN_POINT ( 'NONE',  ( -2.500000000000000000, 0.9499999999999998400, 0.0000000000000000000 ) ) ;
#343 = SURFACE_STYLE_FILL_AREA ( #955 ) ;
#344 = DIRECTION ( 'NONE',  ( -7.878561074514640800E-017, -1.000000000000000000, -0.0000000000000000000 ) ) ;
#345 = TOROIDAL_SURFACE ( 'NONE', #2020, 4.200000000000001100, 0.8000000000000002700 ) ;
#346 = AXIS2_PLACEMENT_3D ( 'NONE', #1623, #970, #2107 ) ;
#347 = VECTOR ( 'NONE', #2013, 1000.000000000000000 ) ;
#348 = PLANE ( 'NONE',  #860 ) ;
#349 = CARTESIAN_POINT ( 'NONE',  ( 4.069767441860467900, 0.9499999999999999600, 0.0000000000000000000 ) ) ;
#350 = TOROIDAL_SURFACE ( 'NONE', #2142, 4.199999999999999300, 0.7999999999999994900 ) ;
#351 = DIRECTION ( 'NONE',  ( 0.8660254037844381500, 0.0000000000000000000, -0.5000000000000010000 ) ) ;
#352 = DIRECTION ( 'NONE',  ( 0.8660254037844379300, 0.0000000000000000000, 0.5000000000000011100 ) ) ;
#353 = LINE ( 'NONE', #853, #1699 ) ;
#354 = DIRECTION ( 'NONE',  ( -7.878561074514640800E-017, -1.000000000000000000, -0.0000000000000000000 ) ) ;
#355 = CARTESIAN_POINT ( 'NONE',  ( 1.050922246249483600E-015, 29.89999999999999500, 0.0000000000000000000 ) ) ;
#356 = AXIS2_PLACEMENT_3D ( 'NONE', #561, #983, #2769 ) ;
#357 = DIRECTION ( 'NONE',  ( 1.000000000000000000, -7.744301232039315400E-017, 0.0000000000000000000 ) ) ;
#358 = VERTEX_POINT ( 'NONE', #451 ) ;
#359 = DIRECTION ( 'NONE',  ( 0.0000000000000000000, 1.000000000000000000, 0.0000000000000000000 ) ) ;
#360 = DIRECTION ( 'NONE',  ( 1.000000000000000000, -7.878561074514640800E-017, 0.0000000000000000000 ) ) ;
#361 = ADVANCED_FACE ( 'NONE', ( #175 ), #796, .F. ) ;
#362 = ORIENTED_EDGE ( 'NONE', *, *, #521, .F. ) ;
#363 = EDGE_CURVE ( 'NONE', #1741, #233, #306, .T. ) ;
#364 = ORIENTED_EDGE ( 'NONE', *, *, #1309, .T. ) ;
#365 = AXIS2_PLACEMENT_3D ( 'NONE', #2310, #1189, #2335 ) ;
#366 = ORIENTED_EDGE ( 'NONE', *, *, #1952, .F. ) ;
#367 = ORIENTED_EDGE ( 'NONE', *, *, #9, .T. ) ;
#368 = DIRECTION ( 'NONE',  ( -0.8660254037844380400, -0.0000000000000000000, 0.5000000000000010000 ) ) ;
#369 = VERTEX_POINT ( 'NONE', #1992 ) ;
#370 = DIRECTION ( 'NONE',  ( 1.000000000000000000, 0.0000000000000000000, 0.0000000000000000000 ) ) ;
#371 = DIRECTION ( 'NONE',  ( 2.283227231235655400E-016, -1.000000000000000000, 1.773090792294787900E-016 ) ) ;
#372 = CARTESIAN_POINT ( 'NONE',  ( -0.2500000000000028900, 29.74999999999999600, -0.2500000000000000000 ) ) ;
#373 = EDGE_LOOP ( 'NONE', ( #232, #666, #1897, #1572, #503, #1286 ) ) ;
#374 = VERTEX_POINT ( 'NONE', #1772 ) ;
#375 = ADVANCED_FACE ( 'NONE', ( #756 ), #31, .T. ) ;
#376 = CARTESIAN_POINT ( 'NONE',  ( -0.2500000000000028900, 29.74999999999999600, -0.2500000000000000000 ) ) ;
#377 = CARTESIAN_POINT ( 'NONE',  ( 4.330127018922193600, -17.00000000000000000, 2.500000000000005300 ) ) ;
#378 = AXIS2_PLACEMENT_3D ( 'NONE', #2365, #1936, #1716 ) ;
#379 = CARTESIAN_POINT ( 'NONE',  ( -2.427999999999999900, 0.0000000000000000000, -0.5956643350075612200 ) ) ;
#380 = DIRECTION ( 'NONE',  ( 1.000000000000000000, 0.0000000000000000000, 0.0000000000000000000 ) ) ;
#381 = CARTESIAN_POINT ( 'NONE',  ( 2.500000000000000000, 1.200000000000000000, 0.0000000000000000000 ) ) ;
#382 = EDGE_CURVE ( 'NONE', #2681, #1957, #2858, .T. ) ;
#383 = CYLINDRICAL_SURFACE ( 'NONE', #1766, 4.069767441860467900 ) ;
#384 = CIRCLE ( 'NONE', #2628, 1.116279069767441000 ) ;
#385 = VECTOR ( 'NONE', #336, 1000.000000000000000 ) ;
#386 = CARTESIAN_POINT ( 'NONE',  ( 3.351316911389079100, -2.640355496643262800E-016, -1.934883720930233900 ) ) ;
#387 = DIRECTION ( 'NONE',  ( 0.0000000000000000000, 0.0000000000000000000, -1.000000000000000000 ) ) ;
#388 = LINE ( 'NONE', #29, #347 ) ;
#389 = CARTESIAN_POINT ( 'NONE',  ( 4.813490034987924400, 6.700000000000000200, -2.779069767441865400 ) ) ;
#390 = VECTOR ( 'NONE', #398, 1000.000000000000000 ) ;
#391 = CARTESIAN_POINT ( 'NONE',  ( 2.190500000000000100, 0.1000000000000000100, -0.5140133753123555800 ) ) ;
#392 = APPLICATION_CONTEXT ( 'automotive_design' ) ;
#393 = LINE ( 'NONE', #694, #691 ) ;
#394 = ORIENTED_EDGE ( 'NONE', *, *, #2821, .F. ) ;
#395 = DIRECTION ( 'NONE',  ( 1.000000000000000000, -7.878561074514640800E-017, 0.0000000000000000000 ) ) ;
#396 = DIRECTION ( 'NONE',  ( -0.0000000000000000000, 1.000000000000000000, 0.0000000000000000000 ) ) ;
#397 = EDGE_CURVE ( 'NONE', #1576, #1637, #1858, .T. ) ;
#398 = DIRECTION ( 'NONE',  ( -8.544047435911748400E-018, 1.000000000000000000, -0.0000000000000000000 ) ) ;
#399 = ORIENTED_EDGE ( 'NONE', *, *, #2398, .T. ) ;
#400 = VERTEX_POINT ( 'NONE', #2888 ) ;
#401 = CARTESIAN_POINT ( 'NONE',  ( 1.050922246249483600E-015, 29.89999999999999500, 0.0000000000000000000 ) ) ;
#402 = ORIENTED_EDGE ( 'NONE', *, *, #2700, .F. ) ;
#403 = AXIS2_PLACEMENT_3D ( 'NONE', #1239, #558, #2815 ) ;
#404 = EDGE_CURVE ( 'NONE', #891, #2697, #2779, .T. ) ;
#405 = ORIENTED_EDGE ( 'NONE', *, *, #473, .T. ) ;
#406 = CARTESIAN_POINT ( 'NONE',  ( -4.192552921550301900, 29.74999999999999600, -0.2500000000000000000 ) ) ;
#407 = AXIS2_PLACEMENT_3D ( 'NONE', #329, #962, #784 ) ;
#408 = VERTEX_POINT ( 'NONE', #1778 ) ;
#409 = CARTESIAN_POINT ( 'NONE',  ( 2.427999999999999500, -5.445246459068680000, 0.5956643350075631100 ) ) ;
#410 = CARTESIAN_POINT ( 'NONE',  ( 0.0000000000000000000, 0.0000000000000000000, 0.0000000000000000000 ) ) ;
#411 = VERTEX_POINT ( 'NONE', #226 ) ;
#412 = DIRECTION ( 'NONE',  ( 1.086250119284061600E-015, -0.0000000000000000000, 1.000000000000000000 ) ) ;
#413 = DIRECTION ( 'NONE',  ( -0.0000000000000000000, -1.000000000000000000, -0.0000000000000000000 ) ) ;
#414 = EDGE_LOOP ( 'NONE', ( #223, #1115, #2195, #289 ) ) ;
#415 =( GEOMETRIC_REPRESENTATION_CONTEXT ( 3 ) GLOBAL_UNCERTAINTY_ASSIGNED_CONTEXT ( ( #843 ) ) GLOBAL_UNIT_ASSIGNED_CONTEXT ( ( #1503, #1965, #198 ) ) REPRESENTATION_CONTEXT ( 'NONE', 'WORKASPACE' ) );
#416 = DIRECTION ( 'NONE',  ( 1.000000000000000000, -7.878561074514640800E-017, 0.0000000000000000000 ) ) ;
#417 = CARTESIAN_POINT ( 'NONE',  ( 1.050922246249483600E-015, 29.89999999999999500, 0.0000000000000000000 ) ) ;
#418 = LINE ( 'NONE', #1625, #2351 ) ;
#419 = FILL_AREA_STYLE_COLOUR ( '', #68 ) ;
#420 = DIRECTION ( 'NONE',  ( -1.000000000000000000, 0.0000000000000000000, 0.0000000000000000000 ) ) ;
#421 = FACE_OUTER_BOUND ( 'NONE', #1811, .T. ) ;
#422 = EDGE_CURVE ( 'NONE', #710, #2792, #1578, .T. ) ;
#423 = FACE_OUTER_BOUND ( 'NONE', #1542, .T. ) ;
#424 = AXIS2_PLACEMENT_3D ( 'NONE', #1863, #1644, #1665 ) ;
#425 = FACE_OUTER_BOUND ( 'NONE', #436, .T. ) ;
#426 = CARTESIAN_POINT ( 'NONE',  ( 0.0000000000000000000, 0.8000000000000003800, 0.0000000000000000000 ) ) ;
#427 = DIRECTION ( 'NONE',  ( -7.878561074514640800E-017, -1.000000000000000000, -0.0000000000000000000 ) ) ;
#428 = VECTOR ( 'NONE', #990, 1000.000000000000000 ) ;
#429 = CARTESIAN_POINT ( 'NONE',  ( 2.500000000000000000, 1.200000000000000000, 0.0000000000000000000 ) ) ;
#430 = ORIENTED_EDGE ( 'NONE', *, *, #1569, .T. ) ;
#431 = DIRECTION ( 'NONE',  ( -7.878561074514640800E-017, -1.000000000000000000, -0.0000000000000000000 ) ) ;
#432 = ORIENTED_EDGE ( 'NONE', *, *, #1927, .F. ) ;
#433 =( NAMED_UNIT ( * ) SI_UNIT ( $, .STERADIAN. ) SOLID_ANGLE_UNIT ( ) );
#434 = ORIENTED_EDGE ( 'NONE', *, *, #1981, .F. ) ;
#435 = EDGE_CURVE ( 'NONE', #2447, #851, #2240, .T. ) ;
#436 = EDGE_LOOP ( 'NONE', ( #975, #2541, #633, #432 ) ) ;
#437 = VERTEX_POINT ( 'NONE', #446 ) ;
#438 = CARTESIAN_POINT ( 'NONE',  ( 4.330127018922193600, 29.20000000000000300, -2.500000000000005300 ) ) ;
#439 = ORIENTED_EDGE ( 'NONE', *, *, #1, .F. ) ;
#440 = CARTESIAN_POINT ( 'NONE',  ( 0.0000000000000000000, 0.1000000000000000100, 0.0000000000000000000 ) ) ;
#441 = ORIENTED_EDGE ( 'NONE', *, *, #2206, .F. ) ;
#442 = DIRECTION ( 'NONE',  ( 1.000000000000000000, 0.0000000000000000000, 0.0000000000000000000 ) ) ;
#443 = DIRECTION ( 'NONE',  ( 0.0000000000000000000, 1.000000000000000000, 0.0000000000000000000 ) ) ;
#444 = PLANE ( 'NONE',  #898 ) ;
#445 = EDGE_LOOP ( 'NONE', ( #10, #328, #2694, #825 ) ) ;
#446 = CARTESIAN_POINT ( 'NONE',  ( -3.861683577674802400, 29.89999999999999500, -0.2500000000000000000 ) ) ;
#447 = EDGE_CURVE ( 'NONE', #1135, #2052, #1003, .T. ) ;
#448 = ORIENTED_EDGE ( 'NONE', *, *, #1426, .T. ) ;
#449 = ORIENTED_EDGE ( 'NONE', *, *, #521, .T. ) ;
#450 = DIRECTION ( 'NONE',  ( 1.000000000000000000, -7.878561074514640800E-017, 0.0000000000000000000 ) ) ;
#451 = CARTESIAN_POINT ( 'NONE',  ( 3.524521992145971600, 1.199999999999999500, -2.034883720930236600 ) ) ;
#452 = MANIFOLD_SOLID_BREP ( 'Pressure relief', #2512 ) ;
#453 = COLOUR_RGB ( '',0.7921568627450980000, 0.8196078431372548800, 0.9333333333333333500 ) ;
#454 = VECTOR ( 'NONE', #788, 1000.000000000000000 ) ;
#455 = EDGE_CURVE ( 'NONE', #2808, #2284, #1996, .T. ) ;
#456 = LINE ( 'NONE', #2122, #1615 ) ;
#457 = AXIS2_PLACEMENT_3D ( 'NONE', #2004, #2048, #2257 ) ;
#458 = CARTESIAN_POINT ( 'NONE',  ( -0.2250000000000000100, 0.1000000000000000100, -1.836266592845385600 ) ) ;
#459 = FACE_OUTER_BOUND ( 'NONE', #1342, .T. ) ;
#460 = CARTESIAN_POINT ( 'NONE',  ( 0.0000000000000000000, 0.1000000000000000100, 0.0000000000000000000 ) ) ;
#461 = DIRECTION ( 'NONE',  ( 0.0000000000000000000, 0.0000000000000000000, 1.000000000000000000 ) ) ;
#462 = ORIENTED_EDGE ( 'NONE', *, *, #1557, .F. ) ;
#463 = EDGE_LOOP ( 'NONE', ( #2764, #1357, #118 ) ) ;
#464 = ORIENTED_EDGE ( 'NONE', *, *, #1041, .T. ) ;
#465 = DIRECTION ( 'NONE',  ( -7.878561074514640800E-017, -1.000000000000000000, -0.0000000000000000000 ) ) ;
#466 = PRESENTATION_LAYER_ASSIGNMENT (  '', '', ( #2334 ) ) ;
#467 = CARTESIAN_POINT ( 'NONE',  ( -2.500000000000000000, 0.1000000000000002600, -9.184850993605148400E-017 ) ) ;
#468 = ORIENTED_EDGE ( 'NONE', *, *, #404, .T. ) ;
#469 = CARTESIAN_POINT ( 'NONE',  ( 0.2250000000000000100, 0.0000000000000000000, 2.489854413414567700 ) ) ;
#470 = ORIENTED_EDGE ( 'NONE', *, *, #56, .F. ) ;
#471 = CARTESIAN_POINT ( 'NONE',  ( 0.0000000000000000000, 0.1000000000000000100, 0.0000000000000000000 ) ) ;
#472 = EDGE_CURVE ( 'NONE', #854, #2258, #2702, .T. ) ;
#473 = EDGE_CURVE ( 'NONE', #2722, #2716, #98, .T. ) ;
#474 = ORIENTED_EDGE ( 'NONE', *, *, #1195, .T. ) ;
#475 = AXIS2_PLACEMENT_3D ( 'NONE', #389, #627, #183 ) ;
#476 = VERTEX_POINT ( 'NONE', #923 ) ;
#477 = ADVANCED_FACE ( 'NONE', ( #1795 ), #345, .T. ) ;
#478 = CARTESIAN_POINT ( 'NONE',  ( 0.2500000000000012800, 29.89999999999999500, -3.861683577674803300 ) ) ;
#479 = DIRECTION ( 'NONE',  ( -1.000000000000000000, 0.0000000000000000000, 0.0000000000000000000 ) ) ;
#480 = SURFACE_STYLE_FILL_AREA ( #219 ) ;
#481 = LINE ( 'NONE', #856, #2455 ) ;
#482 = CYLINDRICAL_SURFACE ( 'NONE', #19, 0.6000000000000003100 ) ;
#483 = CYLINDRICAL_SURFACE ( 'NONE', #2562, 3.869767441860462400 ) ;
#484 = EDGE_CURVE ( 'NONE', #411, #883, #1413, .T. ) ;
#485 = FACE_OUTER_BOUND ( 'NONE', #766, .T. ) ;
#486 = LINE ( 'NONE', #116, #555 ) ;
#487 = ADVANCED_FACE ( 'NONE', ( #1194 ), #623, .T. ) ;
#488 = AXIS2_PLACEMENT_3D ( 'NONE', #1798, #259, #479 ) ;
#489 = CYLINDRICAL_SURFACE ( 'NONE', #1498, 4.069767441860467900 ) ;
#490 = CARTESIAN_POINT ( 'NONE',  ( 7.484633020788911200E-017, 0.9500000000000002900, 0.0000000000000000000 ) ) ;
#491 = ORIENTED_EDGE ( 'NONE', *, *, #598, .F. ) ;
#492 = VERTEX_POINT ( 'NONE', #1587 ) ;
#493 = ORIENTED_EDGE ( 'NONE', *, *, #1786, .T. ) ;
#494 = VERTEX_POINT ( 'NONE', #36 ) ;
#495 = VERTEX_POINT ( 'NONE', #681 ) ;
#496 = ORIENTED_EDGE ( 'NONE', *, *, #2192, .T. ) ;
#497 = VERTEX_POINT ( 'NONE', #266 ) ;
#498 = AXIS2_PLACEMENT_3D ( 'NONE', #1010, #2549, #1650 ) ;
#499 =( NAMED_UNIT ( * ) SI_UNIT ( $, .STERADIAN. ) SOLID_ANGLE_UNIT ( ) );
#500 = ADVANCED_FACE ( 'NONE', ( #1484 ), #2636, .T. ) ;
#501 = ORIENTED_EDGE ( 'NONE', *, *, #2062, .F. ) ;
#502 = CARTESIAN_POINT ( 'NONE',  ( 2.190500000000000100, 0.1000000000000000100, 0.5140133753123553600 ) ) ;
#503 = ORIENTED_EDGE ( 'NONE', *, *, #2451, .F. ) ;
#504 = EDGE_CURVE ( 'NONE', #2116, #1628, #2311, .T. ) ;
#505 = ORIENTED_EDGE ( 'NONE', *, *, #1426, .F. ) ;
#506 = DIRECTION ( 'NONE',  ( -7.878561074514640800E-017, -1.000000000000000000, -0.0000000000000000000 ) ) ;
#507 = AXIS2_PLACEMENT_3D ( 'NONE', #2540, #1678, #357 ) ;
#508 = DIRECTION ( 'NONE',  ( 0.8660254037844379300, 0.0000000000000000000, 0.5000000000000011100 ) ) ;
#509 = DIRECTION ( 'NONE',  ( -0.0000000000000000000, 1.000000000000000000, -0.0000000000000000000 ) ) ;
#510 = VECTOR ( 'NONE', #1208, 1000.000000000000000 ) ;
#511 = LINE ( 'NONE', #2776, #2820 ) ;
#512 = ADVANCED_FACE ( 'NONE', ( #2101 ), #1581, .T. ) ;
#513 = DIRECTION ( 'NONE',  ( -7.878561074514640800E-017, -1.000000000000000000, -0.0000000000000000000 ) ) ;
#514 = VECTOR ( 'NONE', #1191, 1000.000000000000000 ) ;
#515 = CARTESIAN_POINT ( 'NONE',  ( 3.351316911389080400, 4.084644168433311500E-017, -1.934883720930235600 ) ) ;
#516 = CYLINDRICAL_SURFACE ( 'NONE', #2807, 4.069767441860467900 ) ;
#517 = CARTESIAN_POINT ( 'NONE',  ( 2.339932639130848100E-015, 29.69999999999999600, 0.0000000000000000000 ) ) ;
#518 = COLOUR_RGB ( '',0.7921568627450980000, 0.8196078431372548800, 0.9333333333333333500 ) ;
#519 = EDGE_CURVE ( 'NONE', #267, #2297, #1515, .T. ) ;
#520 = LINE ( 'NONE', #706, #722 ) ;
#521 = EDGE_CURVE ( 'NONE', #2136, #1291, #925, .T. ) ;
#522 = CARTESIAN_POINT ( 'NONE',  ( 1.050922246249483600E-015, 29.89999999999999500, 0.0000000000000000000 ) ) ;
#523 = LINE ( 'NONE', #1632, #428 ) ;
#524 = CARTESIAN_POINT ( 'NONE',  ( 3.637306695894641200, 0.6999999999999998400, 2.100000000000005000 ) ) ;
#525 = PLANE ( 'NONE',  #2856 ) ;
#526 = ORIENTED_EDGE ( 'NONE', *, *, #717, .F. ) ;
#527 = ADVANCED_FACE ( 'NONE', ( #421 ), #2533, .F. ) ;
#528 = DIRECTION ( 'NONE',  ( 0.0000000000000000000, 0.0000000000000000000, 1.000000000000000000 ) ) ;
#529 = ORIENTED_EDGE ( 'NONE', *, *, #2374, .T. ) ;
#530 =( NAMED_UNIT ( * ) SI_UNIT ( $, .STERADIAN. ) SOLID_ANGLE_UNIT ( ) );
#531 = ORIENTED_EDGE ( 'NONE', *, *, #1869, .T. ) ;
#532 = DIRECTION ( 'NONE',  ( 0.0000000000000000000, 0.0000000000000000000, 1.000000000000000000 ) ) ;
#533 = ORIENTED_EDGE ( 'NONE', *, *, #1627, .T. ) ;
#534 = UNCERTAINTY_MEASURE_WITH_UNIT (LENGTH_MEASURE( 1.000000000000000100E-005 ), #2281, 'distance_accuracy_value', 'NONE');
#535 = VERTEX_POINT ( 'NONE', #2280 ) ;
#536 = EDGE_CURVE ( 'NONE', #1539, #1430, #2855, .T. ) ;
#537 = ORIENTED_EDGE ( 'NONE', *, *, #1647, .T. ) ;
#538 = CARTESIAN_POINT ( 'NONE',  ( 3.637306695894641200, 1.500000000000000000, -2.100000000000005000 ) ) ;
#539 = CARTESIAN_POINT ( 'NONE',  ( 0.2250000000000000100, 0.8000000000000000400, 15.00000000000000700 ) ) ;
#540 = AXIS2_PLACEMENT_3D ( 'NONE', #1369, #1348, #508 ) ;
#541 = EDGE_CURVE ( 'NONE', #476, #1874, #61, .T. ) ;
#542 = ADVANCED_FACE ( 'NONE', ( #1551 ), #1124, .F. ) ;
#543 = DIRECTION ( 'NONE',  ( 1.000000000000000000, 0.0000000000000000000, 0.0000000000000000000 ) ) ;
#544 = LINE ( 'NONE', #1520, #656 ) ;
#545 = DIRECTION ( 'NONE',  ( 0.8660254037844379300, 0.0000000000000000000, 0.5000000000000011100 ) ) ;
#546 = LINE ( 'NONE', #1483, #2739 ) ;
#547 = DIRECTION ( 'NONE',  ( -0.0000000000000000000, 1.000000000000000000, -0.0000000000000000000 ) ) ;
#548 = VECTOR ( 'NONE', #2231, 1000.000000000000000 ) ;
#549 = DIRECTION ( 'NONE',  ( 4.802536467244269600E-019, 1.000000000000000000, 0.0000000000000000000 ) ) ;
#550 = LINE ( 'NONE', #2679, #2463 ) ;
#551 = DIRECTION ( 'NONE',  ( 0.0000000000000000000, 0.0000000000000000000, -1.000000000000000000 ) ) ;
#552 = CARTESIAN_POINT ( 'NONE',  ( -0.2499999999999988600, 29.89999999999999500, -3.861683577674803300 ) ) ;
#553 = MECHANICAL_DESIGN_GEOMETRIC_PRESENTATION_REPRESENTATION (  '', ( #1290 ), #51 ) ;
#554 = VECTOR ( 'NONE', #2576, 1000.000000000000000 ) ;
#555 = VECTOR ( 'NONE', #2295, 1000.000000000000000 ) ;
#556 = DIRECTION ( 'NONE',  ( -4.802536467244269600E-019, -1.000000000000000000, -0.0000000000000000000 ) ) ;
#557 = CIRCLE ( 'NONE', #2028, 4.069767441860467900 ) ;
#558 = DIRECTION ( 'NONE',  ( -0.5000000000000010000, -4.272023717955882700E-018, 0.8660254037844380400 ) ) ;
#559 = ORIENTED_EDGE ( 'NONE', *, *, #805, .T. ) ;
#560 = EDGE_CURVE ( 'NONE', #710, #2731, #1071, .T. ) ;
#561 = CARTESIAN_POINT ( 'NONE',  ( 3.166581116153231100E-016, 30.00000000000000000, 1.181784161177198500E-015 ) ) ;
#562 = ORIENTED_EDGE ( 'NONE', *, *, #1383, .T. ) ;
#563 = DIRECTION ( 'NONE',  ( -0.5000000000000010000, -4.272023717955882700E-018, -0.8660254037844380400 ) ) ;
#564 = AXIS2_PLACEMENT_3D ( 'NONE', #615, #831, #1062 ) ;
#565 = CARTESIAN_POINT ( 'NONE',  ( -0.2500000000000028900, 29.89999999999999500, -0.2500000000000000000 ) ) ;
#566 = ORIENTED_EDGE ( 'NONE', *, *, #150, .F. ) ;
#567 = ORIENTED_EDGE ( 'NONE', *, *, #1309, .F. ) ;
#568 = CARTESIAN_POINT ( 'NONE',  ( -2.500000000000000000, 0.0000000000000000000, -9.184850993605148400E-017 ) ) ;
#569 = DIRECTION ( 'NONE',  ( 0.0000000000000000000, 0.0000000000000000000, -1.000000000000000000 ) ) ;
#570 = ORIENTED_EDGE ( 'NONE', *, *, #2438, .T. ) ;
#571 = ORIENTED_EDGE ( 'NONE', *, *, #2139, .F. ) ;
#572 = ORIENTED_EDGE ( 'NONE', *, *, #2012, .T. ) ;
#573 = ADVANCED_FACE ( 'NONE', ( #2598 ), #2208, .F. ) ;
#574 = VERTEX_POINT ( 'NONE', #1417 ) ;
#575 = DIRECTION ( 'NONE',  ( 4.802536467244269600E-019, 1.000000000000000000, 0.0000000000000000000 ) ) ;
#576 = DIRECTION ( 'NONE',  ( 0.0000000000000000000, 0.0000000000000000000, 1.000000000000000000 ) ) ;
#577 = EDGE_CURVE ( 'NONE', #2659, #1084, #1792, .T. ) ;
#578 = ORIENTED_EDGE ( 'NONE', *, *, #363, .F. ) ;
#579 = DIRECTION ( 'NONE',  ( 0.0000000000000000000, -0.0000000000000000000, 1.000000000000000000 ) ) ;
#580 = CARTESIAN_POINT ( 'NONE',  ( 2.363568322354392200E-015, 30.00000000000000000, 0.0000000000000000000 ) ) ;
#581 = CARTESIAN_POINT ( 'NONE',  ( 8.673617379884035500E-016, 6.700000000000000200, 0.0000000000000000000 ) ) ;
#582 = EDGE_CURVE ( 'NONE', #1022, #845, #1331, .T. ) ;
#583 = AXIS2_PLACEMENT_3D ( 'NONE', #2478, #2229, #1147 ) ;
#584 = FACE_OUTER_BOUND ( 'NONE', #286, .T. ) ;
#585 = CARTESIAN_POINT ( 'NONE',  ( 6.898056177902270200E-016, 8.755477190138080300, 0.0000000000000000000 ) ) ;
#586 = ORIENTED_EDGE ( 'NONE', *, *, #1692, .T. ) ;
#587 = CIRCLE ( 'NONE', #1674, 3.869767441860462400 ) ;
#588 = EDGE_LOOP ( 'NONE', ( #20, #1606, #2041, #1315 ) ) ;
#589 = AXIS2_PLACEMENT_3D ( 'NONE', #538, #2534, #351 ) ;
#590 = PLANE ( 'NONE',  #613 ) ;
#591 = DIRECTION ( 'NONE',  ( 1.000000000000000000, 0.0000000000000000000, 0.0000000000000000000 ) ) ;
#592 = FACE_OUTER_BOUND ( 'NONE', #2399, .T. ) ;
#593 = FILL_AREA_STYLE ('',( #2556 ) ) ;
#594 = FACE_OUTER_BOUND ( 'NONE', #445, .T. ) ;
#595 = CIRCLE ( 'NONE', #475, 1.534883720930232600 ) ;
#596 = PLANE ( 'NONE',  #2023 ) ;
#597 = CARTESIAN_POINT ( 'NONE',  ( 0.2499999999999980600, 29.89999999999999500, -0.2500000000000000000 ) ) ;
#598 = EDGE_CURVE ( 'NONE', #1917, #2719, #2519, .T. ) ;
#599 = CARTESIAN_POINT ( 'NONE',  ( 4.200000000000001100, 30.00000000000000000, 0.0000000000000000000 ) ) ;
#600 = ORIENTED_EDGE ( 'NONE', *, *, #1343, .F. ) ;
#601 = PRODUCT_CONTEXT ( 'NONE', #392, 'mechanical' ) ;
#602 = AXIS2_PLACEMENT_3D ( 'NONE', #647, #2200, #2891 ) ;
#603 = EDGE_CURVE ( 'NONE', #1944, #495, #2236, .T. ) ;
#604 = ORIENTED_EDGE ( 'NONE', *, *, #1976, .T. ) ;
#605 = DIRECTION ( 'NONE',  ( 0.0000000000000000000, -1.000000000000000000, 0.0000000000000000000 ) ) ;
#606 =( GEOMETRIC_REPRESENTATION_CONTEXT ( 3 ) GLOBAL_UNCERTAINTY_ASSIGNED_CONTEXT ( ( #2421 ) ) GLOBAL_UNIT_ASSIGNED_CONTEXT ( ( #1941, #1468, #1263 ) ) REPRESENTATION_CONTEXT ( 'NONE', 'WORKASPACE' ) );
#607 = EDGE_LOOP ( 'NONE', ( #1495, #1673, #2620, #127, #1676, #491, #1205, #2803 ) ) ;
#608 = DIRECTION ( 'NONE',  ( 4.802536467244269600E-019, 1.000000000000000000, -0.0000000000000000000 ) ) ;
#609 = EDGE_LOOP ( 'NONE', ( #2553, #2877, #1834, #1319 ) ) ;
#610 = DIRECTION ( 'NONE',  ( -7.878561074514640800E-017, -1.000000000000000000, -0.0000000000000000000 ) ) ;
#611 = EDGE_LOOP ( 'NONE', ( #940, #1959, #2656, #1058 ) ) ;
#612 = ORIENTED_EDGE ( 'NONE', *, *, #215, .F. ) ;
#613 = AXIS2_PLACEMENT_3D ( 'NONE', #2822, #2843, #1698 ) ;
#614 = DIRECTION ( 'NONE',  ( -1.000000000000000000, 8.673617379884035500E-017, 0.0000000000000000000 ) ) ;
#615 = CARTESIAN_POINT ( 'NONE',  ( -2.500000000000000000, 0.9499999999999998400, 0.0000000000000000000 ) ) ;
#616 = AXIS2_PLACEMENT_3D ( 'NONE', #5, #863, #1089 ) ;
#617 = CARTESIAN_POINT ( 'NONE',  ( 0.0000000000000000000, 0.8000000000000003800, 0.0000000000000000000 ) ) ;
#618 = EDGE_CURVE ( 'NONE', #1913, #1184, #956, .T. ) ;
#619 = EDGE_LOOP ( 'NONE', ( #859, #1805, #700, #16 ) ) ;
#620 = CARTESIAN_POINT ( 'NONE',  ( 6.216195016648603000E-016, 7.890013110079941300, 0.0000000000000000000 ) ) ;
#621 = CIRCLE ( 'NONE', #1363, 0.3000000000000001000 ) ;
#622 = AXIS2_PLACEMENT_3D ( 'NONE', #957, #465, #1984 ) ;
#623 = CYLINDRICAL_SURFACE ( 'NONE', #583, 4.069767441860467900 ) ;
#624 = ORIENTED_EDGE ( 'NONE', *, *, #1100, .F. ) ;
#625 = CARTESIAN_POINT ( 'NONE',  ( 3.637306695894641200, 1.500000000000000000, 2.100000000000005000 ) ) ;
#626 = LINE ( 'NONE', #748, #2675 ) ;
#627 = DIRECTION ( 'NONE',  ( 0.5000000000000008900, -3.939280537257327800E-017, 0.8660254037844381500 ) ) ;
#628 = LINE ( 'NONE', #2816, #1732 ) ;
#629 = CARTESIAN_POINT ( 'NONE',  ( 0.2499999999999980600, 29.74999999999999600, -0.2500000000000000000 ) ) ;
#630 = CARTESIAN_POINT ( 'NONE',  ( 0.0000000000000000000, 0.1000000000000000100, 0.0000000000000000000 ) ) ;
#631 = SURFACE_STYLE_FILL_AREA ( #1275 ) ;
#632 = ORIENTED_EDGE ( 'NONE', *, *, #1976, .F. ) ;
#633 = ORIENTED_EDGE ( 'NONE', *, *, #1323, .T. ) ;
#634 = CARTESIAN_POINT ( 'NONE',  ( 1.050922246249483600E-015, 29.89999999999999500, -0.2500000000000000000 ) ) ;
#635 = DIRECTION ( 'NONE',  ( 1.000000000000000000, 0.0000000000000000000, 0.0000000000000000000 ) ) ;
#636 = EDGE_CURVE ( 'NONE', #32, #369, #1192, .T. ) ;
#637 = EDGE_LOOP ( 'NONE', ( #2051, #1149, #1567, #1889 ) ) ;
#638 = ORIENTED_EDGE ( 'NONE', *, *, #1027, .T. ) ;
#639 = CARTESIAN_POINT ( 'NONE',  ( -2.500000000000000000, -17.00000000000000000, -0.3000000000000001000 ) ) ;
#640 = ORIENTED_EDGE ( 'NONE', *, *, #636, .F. ) ;
#641 = CARTESIAN_POINT ( 'NONE',  ( 3.363400986790726000, 8.755477190138080300, 1.941860465116283200 ) ) ;
#642 = AXIS2_PLACEMENT_3D ( 'NONE', #15, #1352, #679 ) ;
#643 = ORIENTED_EDGE ( 'NONE', *, *, #1067, .F. ) ;
#644 = EDGE_LOOP ( 'NONE', ( #441, #2583, #562, #2015 ) ) ;
#645 = AXIS2_PLACEMENT_3D ( 'NONE', #1519, #1499, #395 ) ;
#646 = ORIENTED_EDGE ( 'NONE', *, *, #704, .T. ) ;
#647 = CARTESIAN_POINT ( 'NONE',  ( 3.637306695894641200, 1.500000000000000200, -2.100000000000005000 ) ) ;
#648 = ORIENTED_EDGE ( 'NONE', *, *, #2062, .T. ) ;
#649 = CARTESIAN_POINT ( 'NONE',  ( 0.0000000000000000000, 0.1000000000000000100, 0.0000000000000000000 ) ) ;
#650 = EDGE_LOOP ( 'NONE', ( #2437, #1493, #1953 ) ) ;
#651 = DIRECTION ( 'NONE',  ( 1.000000000000000000, 0.0000000000000000000, 0.0000000000000000000 ) ) ;
#652 = AXIS2_PLACEMENT_3D ( 'NONE', #85, #124, #2314 ) ;
#653 =( NAMED_UNIT ( * ) PLANE_ANGLE_UNIT ( ) SI_UNIT ( $, .RADIAN. ) );
#654 = CARTESIAN_POINT ( 'NONE',  ( -3.869767441860461500, 29.74999999999999600, 4.739098311119056300E-016 ) ) ;
#655 = CIRCLE ( 'NONE', #488, 1.534883720930233100 ) ;
#656 = VECTOR ( 'NONE', #635, 1000.000000000000000 ) ;
#657 = CIRCLE ( 'NONE', #244, 2.250000000000000400 ) ;
#658 = EDGE_CURVE ( 'NONE', #737, #2622, #511, .T. ) ;
#659 = AXIS2_PLACEMENT_3D ( 'NONE', #947, #1618, #302 ) ;
#660 = TOROIDAL_SURFACE ( 'NONE', #1753, 3.883720930232561500, 1.116279069767440500 ) ;
#661 = CARTESIAN_POINT ( 'NONE',  ( -2.190500000000000100, 0.0000000000000000000, -0.5140133753123550300 ) ) ;
#662 = TOROIDAL_SURFACE ( 'NONE', #2610, 4.199999999999999300, 0.7999999999999994900 ) ;
#663 = FACE_OUTER_BOUND ( 'NONE', #1440, .T. ) ;
#664 = CARTESIAN_POINT ( 'NONE',  ( 0.0000000000000000000, 0.0000000000000000000, 0.0000000000000000000 ) ) ;
#665 = ORIENTED_EDGE ( 'NONE', *, *, #193, .T. ) ;
#666 = ORIENTED_EDGE ( 'NONE', *, *, #279, .T. ) ;
#667 = CARTESIAN_POINT ( 'NONE',  ( 3.659215661947349200E-016, 4.644522809861920900, 0.0000000000000000000 ) ) ;
#668 = CARTESIAN_POINT ( 'NONE',  ( -0.2250000000000000100, 0.1000000000000000100, -2.238721733489895000 ) ) ;
#669 = ORIENTED_EDGE ( 'NONE', *, *, #117, .F. ) ;
#670 = DIRECTION ( 'NONE',  ( 0.0000000000000000000, 1.000000000000000000, 0.0000000000000000000 ) ) ;
#671 = EDGE_CURVE ( 'NONE', #845, #1022, #621, .T. ) ;
#672 = DIRECTION ( 'NONE',  ( 0.0000000000000000000, 1.000000000000000000, 0.0000000000000000000 ) ) ;
#673 = EDGE_CURVE ( 'NONE', #1568, #1637, #303, .T. ) ;
#674 = VERTEX_POINT ( 'NONE', #2090 ) ;
#675 = ORIENTED_EDGE ( 'NONE', *, *, #2758, .F. ) ;
#676 = ORIENTED_EDGE ( 'NONE', *, *, #37, .F. ) ;
#677 = CARTESIAN_POINT ( 'NONE',  ( 0.0000000000000000000, 0.1000000000000000100, 0.0000000000000000000 ) ) ;
#678 = ORIENTED_EDGE ( 'NONE', *, *, #1383, .F. ) ;
#679 = DIRECTION ( 'NONE',  ( 0.0000000000000000000, -0.0000000000000000000, 1.000000000000000000 ) ) ;
#680 = ORIENTED_EDGE ( 'NONE', *, *, #2269, .F. ) ;
#681 = CARTESIAN_POINT ( 'NONE',  ( 2.374675138819219400E-015, 1.199999999999999700, 1.405881375195514700E-016 ) ) ;
#682 = EDGE_CURVE ( 'NONE', #2545, #1508, #384, .T. ) ;
#683 = FACE_OUTER_BOUND ( 'NONE', #2405, .T. ) ;
#684 = VECTOR ( 'NONE', #2183, 1000.000000000000000 ) ;
#685 = VECTOR ( 'NONE', #1882, 1000.000000000000000 ) ;
#686 = CIRCLE ( 'NONE', #745, 5.000000000000000000 ) ;
#687 = AXIS2_PLACEMENT_3D ( 'NONE', #2080, #1183, #1403 ) ;
#688 = EDGE_CURVE ( 'NONE', #1957, #2616, #1408, .T. ) ;
#689 = FACE_OUTER_BOUND ( 'NONE', #2683, .T. ) ;
#690 = VECTOR ( 'NONE', #894, 1000.000000000000000 ) ;
#691 = VECTOR ( 'NONE', #412, 1000.000000000000000 ) ;
#692 = CARTESIAN_POINT ( 'NONE',  ( 2.773682599278156400E-015, -17.00000000000000000, 0.0000000000000000000 ) ) ;
#693 = ORIENTED_EDGE ( 'NONE', *, *, #435, .T. ) ;
#694 = CARTESIAN_POINT ( 'NONE',  ( -0.2499999999999985800, 29.89999999999999500, 4.192552921550303700 ) ) ;
#695 = ORIENTED_EDGE ( 'NONE', *, *, #1892, .F. ) ;
#696 = VERTEX_POINT ( 'NONE', #2596 ) ;
#697 = AXIS2_PLACEMENT_3D ( 'NONE', #152, #1681, #370 ) ;
#698 = PLANE ( 'NONE',  #1096 ) ;
#699 = ADVANCED_FACE ( 'NONE', ( #170 ), #1652, .T. ) ;
#700 = ORIENTED_EDGE ( 'NONE', *, *, #1465, .F. ) ;
#701 = CARTESIAN_POINT ( 'NONE',  ( 0.2250000000000000100, 0.1000000000000000100, 2.238721733489895000 ) ) ;
#702 = ORIENTED_EDGE ( 'NONE', *, *, #1343, .T. ) ;
#703 = ORIENTED_EDGE ( 'NONE', *, *, #760, .T. ) ;
#704 = EDGE_CURVE ( 'NONE', #2688, #476, #2307, .T. ) ;
#705 = ORIENTED_EDGE ( 'NONE', *, *, #2733, .T. ) ;
#706 = CARTESIAN_POINT ( 'NONE',  ( 3.524521992145971600, -2.776816177359204500E-016, -2.034883720930236600 ) ) ;
#707 = AXIS2_PLACEMENT_3D ( 'NONE', #153, #1238, #380 ) ;
#708 = ORIENTED_EDGE ( 'NONE', *, *, #2503, .T. ) ;
#709 = CARTESIAN_POINT ( 'NONE',  ( -0.2499999999999985800, 29.74999999999999600, 4.192552921550303700 ) ) ;
#710 = VERTEX_POINT ( 'NONE', #2127 ) ;
#711 = FACE_OUTER_BOUND ( 'NONE', #1017, .T. ) ;
#712 = FACE_OUTER_BOUND ( 'NONE', #1870, .T. ) ;
#713 = LINE ( 'NONE', #2626, #2424 ) ;
#714 = CARTESIAN_POINT ( 'NONE',  ( 0.0000000000000000000, 1.500000000000000200, 0.0000000000000000000 ) ) ;
#715 = AXIS2_PLACEMENT_3D ( 'NONE', #1472, #1694, #149 ) ;
#716 = PLANE ( 'NONE',  #1734 ) ;
#717 = EDGE_CURVE ( 'NONE', #1050, #1459, #28, .T. ) ;
#718 = DIRECTION ( 'NONE',  ( 0.0000000000000000000, 0.0000000000000000000, -1.000000000000000000 ) ) ;
#719 = VECTOR ( 'NONE', #1232, 1000.000000000000000 ) ;
#720 = CIRCLE ( 'NONE', #790, 5.000000000000000900 ) ;
#721 = AXIS2_PLACEMENT_3D ( 'NONE', #581, #164, #591 ) ;
#722 = VECTOR ( 'NONE', #2721, 1000.000000000000000 ) ;
#723 = DIRECTION ( 'NONE',  ( 0.0000000000000000000, 0.0000000000000000000, 1.000000000000000000 ) ) ;
#724 = CIRCLE ( 'NONE', #2599, 5.000000000000001800 ) ;
#725 = PRODUCT_DEFINITION ( 'UNKNOWN', '', #1368, #178 ) ;
#726 = ADVANCED_FACE ( 'NONE', ( #832 ), #1724, .T. ) ;
#727 = CARTESIAN_POINT ( 'NONE',  ( -2.500000000000000000, -5.445246459068680000, -9.184850993605148400E-017 ) ) ;
#728 = ORIENTED_EDGE ( 'NONE', *, *, #156, .T. ) ;
#729 = VERTEX_POINT ( 'NONE', #1458 ) ;
#730 = DIRECTION ( 'NONE',  ( 1.000000000000000000, 0.0000000000000000000, 0.0000000000000000000 ) ) ;
#731 = VERTEX_POINT ( 'NONE', #1229 ) ;
#732 = EDGE_LOOP ( 'NONE', ( #976, #1088, #256, #2224 ) ) ;
#733 = EDGE_CURVE ( 'NONE', #2086, #1050, #546, .T. ) ;
#734 = CARTESIAN_POINT ( 'NONE',  ( -4.192552921550301900, 29.74999999999999600, 0.2500000000000000000 ) ) ;
#735 = CARTESIAN_POINT ( 'NONE',  ( 2.372112369790304400E-015, 30.00000000000000000, 0.0000000000000000000 ) ) ;
#736 = ORIENTED_EDGE ( 'NONE', *, *, #1432, .F. ) ;
#737 = VERTEX_POINT ( 'NONE', #391 ) ;
#738 =( GEOMETRIC_REPRESENTATION_CONTEXT ( 3 ) GLOBAL_UNCERTAINTY_ASSIGNED_CONTEXT ( ( #322 ) ) GLOBAL_UNIT_ASSIGNED_CONTEXT ( ( #2876, #208, #433 ) ) REPRESENTATION_CONTEXT ( 'NONE', 'WORKASPACE' ) );
#739 = EDGE_CURVE ( 'NONE', #53, #2756, #2354, .T. ) ;
#740 = ADVANCED_FACE ( 'NONE', ( #2671 ), #1711, .T. ) ;
#741 = CARTESIAN_POINT ( 'NONE',  ( 2.344113043032565900E-015, 29.69999999999999600, -2.413557317978310600E-018 ) ) ;
#742 = EDGE_LOOP ( 'NONE', ( #676, #1380, #572, #749 ) ) ;
#743 = CARTESIAN_POINT ( 'NONE',  ( 0.0000000000000000000, 0.9500000000000002900, 0.0000000000000000000 ) ) ;
#744 = ORIENTED_EDGE ( 'NONE', *, *, #2517, .T. ) ;
#745 = AXIS2_PLACEMENT_3D ( 'NONE', #2601, #1733, #1968 ) ;
#746 =( LENGTH_UNIT ( ) NAMED_UNIT ( * ) SI_UNIT ( .MILLI., .METRE. ) );
#747 = CARTESIAN_POINT ( 'NONE',  ( 2.168404344971008900E-015, 29.19999999999999900, 0.0000000000000000000 ) ) ;
#748 = CARTESIAN_POINT ( 'NONE',  ( 0.2250000000000000100, 0.1000000000000000100, 0.0000000000000000000 ) ) ;
#749 = ORIENTED_EDGE ( 'NONE', *, *, #455, .T. ) ;
#750 = DIRECTION ( 'NONE',  ( 0.0000000000000000000, 1.000000000000000000, 0.0000000000000000000 ) ) ;
#751 = FACE_OUTER_BOUND ( 'NONE', #2047, .T. ) ;
#752 = FACE_OUTER_BOUND ( 'NONE', #813, .T. ) ;
#753 = CARTESIAN_POINT ( 'NONE',  ( 0.2250000000000000100, 0.0000000000000000000, 0.0000000000000000000 ) ) ;
#754 = AXIS2_PLACEMENT_3D ( 'NONE', #2617, #506, #1365 ) ;
#755 = DIRECTION ( 'NONE',  ( 0.0000000000000000000, 1.000000000000000000, 0.0000000000000000000 ) ) ;
#756 = FACE_OUTER_BOUND ( 'NONE', #1745, .T. ) ;
#757 = FACE_OUTER_BOUND ( 'NONE', #1509, .T. ) ;
#758 = CARTESIAN_POINT ( 'NONE',  ( -0.2250000000000000100, 0.1000000000000000100, 1.836266592845385600 ) ) ;
#759 = ADVANCED_FACE ( 'NONE', ( #1932 ), #1821, .F. ) ;
#760 = EDGE_CURVE ( 'NONE', #674, #2756, #481, .T. ) ;
#761 = CIRCLE ( 'NONE', #2761, 4.588739290085680300 ) ;
#762 = EDGE_CURVE ( 'NONE', #2442, #1469, #1899, .T. ) ;
#763 = VECTOR ( 'NONE', #1524, 1000.000000000000000 ) ;
#764 = AXIS2_PLACEMENT_3D ( 'NONE', #1134, #2042, #730 ) ;
#765 = CARTESIAN_POINT ( 'NONE',  ( 0.0000000000000000000, 0.0000000000000000000, 0.0000000000000000000 ) ) ;
#766 = EDGE_LOOP ( 'NONE', ( #2685, #47, #879, #2266 ) ) ;
#767 = EDGE_LOOP ( 'NONE', ( #2283, #953, #1438, #1651 ) ) ;
#768 = CARTESIAN_POINT ( 'NONE',  ( -0.2250000000000000100, 0.0000000000000000000, 1.836266592845385200 ) ) ;
#769 = ORIENTED_EDGE ( 'NONE', *, *, #2772, .T. ) ;
#770 = ORIENTED_EDGE ( 'NONE', *, *, #397, .F. ) ;
#771 = ORIENTED_EDGE ( 'NONE', *, *, #1360, .T. ) ;
#772 = ADVANCED_FACE ( 'NONE', ( #752 ), #94, .T. ) ;
#773 = DIRECTION ( 'NONE',  ( 1.000000000000000000, 0.0000000000000000000, 0.0000000000000000000 ) ) ;
#774 = VERTEX_POINT ( 'NONE', #629 ) ;
#775 = ORIENTED_EDGE ( 'NONE', *, *, #1121, .F. ) ;
#776 = DIRECTION ( 'NONE',  ( 1.000000000000000000, 0.0000000000000000000, 0.0000000000000000000 ) ) ;
#777 = CARTESIAN_POINT ( 'NONE',  ( 3.861683577674804200, 29.74999999999999600, -0.2500000000000000000 ) ) ;
#778 = VERTEX_POINT ( 'NONE', #1081 ) ;
#779 = EDGE_CURVE ( 'NONE', #2124, #2092, #713, .T. ) ;
#780 =( NAMED_UNIT ( * ) PLANE_ANGLE_UNIT ( ) SI_UNIT ( $, .RADIAN. ) );
#781 = DIRECTION ( 'NONE',  ( 0.8660254037844381500, -4.272552208925304300E-017, -0.5000000000000008900 ) ) ;
#782 = DIRECTION ( 'NONE',  ( -1.000000000000000000, 4.802536467244269600E-019, 0.0000000000000000000 ) ) ;
#783 = ORIENTED_EDGE ( 'NONE', *, *, #1216, .F. ) ;
#784 = DIRECTION ( 'NONE',  ( 1.000000000000000000, -7.878561074514640800E-017, 0.0000000000000000000 ) ) ;
#785 = DIRECTION ( 'NONE',  ( 1.000000000000000000, -5.328079247643046800E-017, 0.0000000000000000000 ) ) ;
#786 = VERTEX_POINT ( 'NONE', #1277 ) ;
#787 = STYLED_ITEM ( 'NONE', ( #270 ), #452 ) ;
#788 = DIRECTION ( 'NONE',  ( -4.802536467244269600E-019, -1.000000000000000000, -0.0000000000000000000 ) ) ;
#789 = CARTESIAN_POINT ( 'NONE',  ( 4.069767441860467900, 1.199999999999999500, 0.0000000000000000000 ) ) ;
#790 = AXIS2_PLACEMENT_3D ( 'NONE', #90, #1648, #1661 ) ;
#791 = PLANE ( 'NONE',  #1643 ) ;
#792 = VECTOR ( 'NONE', #1613, 1000.000000000000000 ) ;
#793 = DIRECTION ( 'NONE',  ( -0.0000000000000000000, -1.000000000000000000, -0.0000000000000000000 ) ) ;
#794 = ADVANCED_FACE ( 'NONE', ( #211 ), #1285, .T. ) ;
#795 = LINE ( 'NONE', #2383, #1268 ) ;
#796 = CYLINDRICAL_SURFACE ( 'NONE', #7, 2.250000000000000400 ) ;
#797 = DIRECTION ( 'NONE',  ( -8.800000966351891300E-016, 0.0000000000000000000, -1.000000000000000000 ) ) ;
#798 = DIRECTION ( 'NONE',  ( 1.000000000000000000, 0.0000000000000000000, 0.0000000000000000000 ) ) ;
#799 = AXIS2_PLACEMENT_3D ( 'NONE', #129, #2109, #785 ) ;
#800 = CIRCLE ( 'NONE', #2348, 3.869767441860461500 ) ;
#801 = CARTESIAN_POINT ( 'NONE',  ( -0.2250000000000000100, 0.8000000000000000400, 15.00000000000000700 ) ) ;
#802 = CARTESIAN_POINT ( 'NONE',  ( 3.973964796557967200, 7.890013110079941300, -2.294369645042844600 ) ) ;
#803 = VECTOR ( 'NONE', #1787, 1000.000000000000000 ) ;
#804 = DIRECTION ( 'NONE',  ( 0.0000000000000000000, -1.000000000000000000, 0.0000000000000000000 ) ) ;
#805 = EDGE_CURVE ( 'NONE', #1436, #492, #1236, .T. ) ;
#806 = ADVANCED_FACE ( 'NONE', ( #2059 ), #1504, .F. ) ;
#807 = ORIENTED_EDGE ( 'NONE', *, *, #717, .T. ) ;
#808 = CARTESIAN_POINT ( 'NONE',  ( 0.0000000000000000000, 0.0000000000000000000, 0.0000000000000000000 ) ) ;
#809 = ORIENTED_EDGE ( 'NONE', *, *, #1649, .T. ) ;
#810 = DIRECTION ( 'NONE',  ( 0.0000000000000000000, 1.000000000000000000, 0.0000000000000000000 ) ) ;
#811 = DIRECTION ( 'NONE',  ( -7.878561074514640800E-017, -1.000000000000000000, -0.0000000000000000000 ) ) ;
#812 = DIRECTION ( 'NONE',  ( 0.0000000000000000000, 1.000000000000000000, 0.0000000000000000000 ) ) ;
#813 = EDGE_LOOP ( 'NONE', ( #643, #807, #430, #2270 ) ) ;
#814 = ORIENTED_EDGE ( 'NONE', *, *, #1557, .T. ) ;
#815 = ORIENTED_EDGE ( 'NONE', *, *, #1311, .F. ) ;
#816 = ORIENTED_EDGE ( 'NONE', *, *, #2432, .T. ) ;
#817 = AXIS2_PLACEMENT_3D ( 'NONE', #1220, #2344, #352 ) ;
#818 = ORIENTED_EDGE ( 'NONE', *, *, #1406, .F. ) ;
#819 = DIRECTION ( 'NONE',  ( 0.5000000000000010000, 4.272023717955882700E-018, 0.8660254037844380400 ) ) ;
#820 = AXIS2_PLACEMENT_3D ( 'NONE', #2784, #1631, #387 ) ;
#821 = ORIENTED_EDGE ( 'NONE', *, *, #2114, .T. ) ;
#822 = DIRECTION ( 'NONE',  ( 0.0000000000000000000, 1.000000000000000000, 0.0000000000000000000 ) ) ;
#823 = ADVANCED_FACE ( 'NONE', ( #1854 ), #1763, .T. ) ;
#824 = DIRECTION ( 'NONE',  ( 0.0000000000000000000, 0.0000000000000000000, 1.000000000000000000 ) ) ;
#825 = ORIENTED_EDGE ( 'NONE', *, *, #2241, .T. ) ;
#826 = EDGE_CURVE ( 'NONE', #1836, #2193, #1269, .T. ) ;
#827 = EDGE_LOOP ( 'NONE', ( #196, #157, #1362, #2471 ) ) ;
#828 = CARTESIAN_POINT ( 'NONE',  ( 0.2500000000000012800, 29.74999999999999600, -3.861683577674802900 ) ) ;
#829 = DIRECTION ( 'NONE',  ( 0.0000000000000000000, -0.0000000000000000000, 1.000000000000000000 ) ) ;
#830 = CIRCLE ( 'NONE', #1256, 3.869767441860462400 ) ;
#831 = DIRECTION ( 'NONE',  ( 0.0000000000000000000, 1.000000000000000000, 0.0000000000000000000 ) ) ;
#832 = FACE_OUTER_BOUND ( 'NONE', #2695, .T. ) ;
#833 = DIRECTION ( 'NONE',  ( -1.000000000000000000, 4.802536467244269600E-019, 0.0000000000000000000 ) ) ;
#834 = CIRCLE ( 'NONE', #1444, 0.7999999999999993800 ) ;
#835 = FACE_OUTER_BOUND ( 'NONE', #1911, .T. ) ;
#836 = LINE ( 'NONE', #1605, #2032 ) ;
#837 = CIRCLE ( 'NONE', #2278, 1.116279069767440700 ) ;
#838 = LINE ( 'NONE', #2689, #690 ) ;
#839 = CARTESIAN_POINT ( 'NONE',  ( 0.0000000000000000000, 0.0000000000000000000, 0.0000000000000000000 ) ) ;
#840 = EDGE_CURVE ( 'NONE', #2052, #2872, #657, .T. ) ;
#841 = CARTESIAN_POINT ( 'NONE',  ( 4.813490034987924400, 6.700000000000001100, -2.779069767441866300 ) ) ;
#842 = VECTOR ( 'NONE', #2181, 1000.000000000000000 ) ;
#843 = UNCERTAINTY_MEASURE_WITH_UNIT (LENGTH_MEASURE( 1.000000000000000100E-005 ), #1503, 'distance_accuracy_value', 'NONE');
#844 = CARTESIAN_POINT ( 'NONE',  ( -0.2499999999999989700, 29.89999999999999500, 3.861683577674803300 ) ) ;
#845 = VERTEX_POINT ( 'NONE', #639 ) ;
#846 = DIRECTION ( 'NONE',  ( -0.0000000000000000000, 1.000000000000000000, -0.0000000000000000000 ) ) ;
#847 = AXIS2_PLACEMENT_3D ( 'NONE', #134, #126, #1464 ) ;
#848 = EDGE_CURVE ( 'NONE', #1944, #1291, #2144, .T. ) ;
#849 = ORIENTED_EDGE ( 'NONE', *, *, #1823, .F. ) ;
#850 = AXIS2_PLACEMENT_3D ( 'NONE', #2751, #2097, #773 ) ;
#851 = VERTEX_POINT ( 'NONE', #214 ) ;
#852 = DIRECTION ( 'NONE',  ( 1.000000000000000000, -7.744301232039315400E-017, 0.0000000000000000000 ) ) ;
#853 = CARTESIAN_POINT ( 'NONE',  ( 3.351316911389079900, 4.084644168433311500E-017, 1.934883720930235900 ) ) ;
#854 = VERTEX_POINT ( 'NONE', #2155 ) ;
#855 = ORIENTED_EDGE ( 'NONE', *, *, #1543, .T. ) ;
#856 = CARTESIAN_POINT ( 'NONE',  ( 2.190500000000000100, 0.05000000000000000300, 0.5140133753123553600 ) ) ;
#857 = ORIENTED_EDGE ( 'NONE', *, *, #577, .F. ) ;
#858 = DIRECTION ( 'NONE',  ( 0.0000000000000000000, -1.000000000000000000, 0.0000000000000000000 ) ) ;
#859 = ORIENTED_EDGE ( 'NONE', *, *, #1570, .F. ) ;
#860 = AXIS2_PLACEMENT_3D ( 'NONE', #2754, #359, #1909 ) ;
#861 = CLOSED_SHELL ( 'NONE', ( #2346, #934, #2089, #2292, #1905, #2265, #2564, #1872, #2775, #2500, #2018, #1428, #1689, #108, #512, #1197, #2794, #1409, #2111, #542, #2464, #477, #1358, #958, #1608, #1658 ) ) ;
#862 = DIRECTION ( 'NONE',  ( 0.0000000000000000000, 0.0000000000000000000, -1.000000000000000000 ) ) ;
#863 = DIRECTION ( 'NONE',  ( -1.000000000000000000, 4.802536467244269600E-019, -1.113750122303911200E-015 ) ) ;
#864 = DIRECTION ( 'NONE',  ( 0.0000000000000000000, 0.0000000000000000000, 1.000000000000000000 ) ) ;
#865 = EDGE_CURVE ( 'NONE', #497, #1739, #587, .T. ) ;
#866 = DIRECTION ( 'NONE',  ( -1.000000000000000000, 0.0000000000000000000, 0.0000000000000000000 ) ) ;
#867 = CIRCLE ( 'NONE', #1159, 5.000000000000000900 ) ;
#868 = AXIS2_PLACEMENT_3D ( 'NONE', #281, #2490, #2288 ) ;
#869 = LINE ( 'NONE', #1845, #514 ) ;
#870 = LINE ( 'NONE', #2427, #901 ) ;
#871 = CARTESIAN_POINT ( 'NONE',  ( 0.2250000000000000100, 0.1000000000000000100, 1.836266592845385600 ) ) ;
#872 = FACE_OUTER_BOUND ( 'NONE', #123, .T. ) ;
#873 = DIRECTION ( 'NONE',  ( 1.000000000000000000, 0.0000000000000000000, 0.0000000000000000000 ) ) ;
#874 = FACE_OUTER_BOUND ( 'NONE', #1389, .T. ) ;
#875 = DIRECTION ( 'NONE',  ( 0.5000000000000010000, 4.272023717955882700E-018, -0.8660254037844380400 ) ) ;
#876 = FACE_OUTER_BOUND ( 'NONE', #2202, .T. ) ;
#877 = CARTESIAN_POINT ( 'NONE',  ( 1.050922246249483600E-015, 29.89999999999999500, 0.0000000000000000000 ) ) ;
#878 = EDGE_CURVE ( 'NONE', #883, #2119, #1157, .T. ) ;
#879 = ORIENTED_EDGE ( 'NONE', *, *, #2865, .T. ) ;
#880 = EDGE_CURVE ( 'NONE', #148, #1565, #1103, .T. ) ;
#881 = ORIENTED_EDGE ( 'NONE', *, *, #2400, .F. ) ;
#882 = AXIS2_PLACEMENT_3D ( 'NONE', #1890, #812, #2340 ) ;
#883 = VERTEX_POINT ( 'NONE', #1492 ) ;
#884 = DIRECTION ( 'NONE',  ( -0.5000000000000010000, 3.939280537257328400E-017, 0.8660254037844380400 ) ) ;
#885 = ORIENTED_EDGE ( 'NONE', *, *, #1569, .F. ) ;
#886 = CARTESIAN_POINT ( 'NONE',  ( 5.558139534883721900, 6.699999999999999300, 0.0000000000000000000 ) ) ;
#887 = AXIS2_PLACEMENT_3D ( 'NONE', #1638, #314, #982 ) ;
#888 = VERTEX_POINT ( 'NONE', #174 ) ;
#889 = EDGE_LOOP ( 'NONE', ( #1020, #1190, #1704, #678 ) ) ;
#890 = ORIENTED_EDGE ( 'NONE', *, *, #316, .F. ) ;
#891 = VERTEX_POINT ( 'NONE', #2417 ) ;
#892 = EDGE_LOOP ( 'NONE', ( #2870, #1148, #2085, #857 ) ) ;
#893 = EDGE_CURVE ( 'NONE', #920, #845, #2271, .T. ) ;
#894 = DIRECTION ( 'NONE',  ( -0.0000000000000000000, 1.000000000000000000, -0.0000000000000000000 ) ) ;
#895 = DIRECTION ( 'NONE',  ( 0.0000000000000000000, 0.0000000000000000000, -1.000000000000000000 ) ) ;
#896 = DIRECTION ( 'NONE',  ( 0.0000000000000000000, -1.000000000000000000, 0.0000000000000000000 ) ) ;
#897 = LINE ( 'NONE', #597, #2597 ) ;
#898 = AXIS2_PLACEMENT_3D ( 'NONE', #1978, #2214, #2861 ) ;
#899 = VECTOR ( 'NONE', #993, 1000.000000000000000 ) ;
#900 = EDGE_CURVE ( 'NONE', #2284, #2808, #1446, .T. ) ;
#901 = VECTOR ( 'NONE', #220, 1000.000000000000000 ) ;
#902 = AXIS2_PLACEMENT_3D ( 'NONE', #460, #2662, #2220 ) ;
#903 = LINE ( 'NONE', #634, #2781 ) ;
#904 = CARTESIAN_POINT ( 'NONE',  ( 3.637306695894641200, 29.19999999999999900, 2.100000000000003600 ) ) ;
#905 = CIRCLE ( 'NONE', #2705, 0.7999999999999994900 ) ;
#906 = FACE_OUTER_BOUND ( 'NONE', #1958, .T. ) ;
#907 = AXIS2_PLACEMENT_3D ( 'NONE', #980, #2064, #112 ) ;
#908 = VERTEX_POINT ( 'NONE', #2869 ) ;
#909 = ORIENTED_EDGE ( 'NONE', *, *, #762, .F. ) ;
#910 = VERTEX_POINT ( 'NONE', #2406 ) ;
#911 = CARTESIAN_POINT ( 'NONE',  ( 0.0000000000000000000, 0.9500000000000002900, 0.0000000000000000000 ) ) ;
#912 = AXIS2_PLACEMENT_3D ( 'NONE', #904, #2460, #14 ) ;
#913 = EDGE_CURVE ( 'NONE', #1436, #984, #867, .T. ) ;
#914 = ORIENTED_EDGE ( 'NONE', *, *, #195, .T. ) ;
#915 = AXIS2_PLACEMENT_3D ( 'NONE', #2366, #2819, #1491 ) ;
#916 = ORIENTED_EDGE ( 'NONE', *, *, #215, .T. ) ;
#917 = ORIENTED_EDGE ( 'NONE', *, *, #2846, .T. ) ;
#918 = ORIENTED_EDGE ( 'NONE', *, *, #155, .F. ) ;
#919 = DIRECTION ( 'NONE',  ( -7.878561074514640800E-017, -1.000000000000000000, -0.0000000000000000000 ) ) ;
#920 = VERTEX_POINT ( 'NONE', #1989 ) ;
#921 = CARTESIAN_POINT ( 'NONE',  ( 3.637306695894641200, 0.6999999999999998400, -2.100000000000005000 ) ) ;
#922 = CARTESIAN_POINT ( 'NONE',  ( 3.637306695894641600, 29.19999999999999900, 2.100000000000003600 ) ) ;
#923 = CARTESIAN_POINT ( 'NONE',  ( -0.2500000000000028900, 29.74999999999999600, -0.2500000000000000000 ) ) ;
#924 = EDGE_CURVE ( 'NONE', #674, #1084, #1230, .T. ) ;
#925 = CIRCLE ( 'NONE', #687, 4.069767441860467900 ) ;
#926 = CYLINDRICAL_SURFACE ( 'NONE', #2070, 2.500000000000000000 ) ;
#927 = CYLINDRICAL_SURFACE ( 'NONE', #498, 3.869767441860462000 ) ;
#928 = CIRCLE ( 'NONE', #1817, 1.116279069767440500 ) ;
#929 = AXIS2_PLACEMENT_3D ( 'NONE', #2069, #972, #91 ) ;
#930 = DIRECTION ( 'NONE',  ( -7.878561074514640800E-017, -1.000000000000000000, -0.0000000000000000000 ) ) ;
#931 = VECTOR ( 'NONE', #797, 1000.000000000000000 ) ;
#932 = DIRECTION ( 'NONE',  ( 0.0000000000000000000, 0.0000000000000000000, 1.000000000000000000 ) ) ;
#933 = CYLINDRICAL_SURFACE ( 'NONE', #407, 3.869767441860461500 ) ;
#934 = ADVANCED_FACE ( 'NONE', ( #1364 ), #2176, .F. ) ;
#935 = LINE ( 'NONE', #2175, #2567 ) ;
#936 = ORIENTED_EDGE ( 'NONE', *, *, #1908, .F. ) ;
#937 = CARTESIAN_POINT ( 'NONE',  ( 4.330127018922191900, 29.19999999999999900, 2.500000000000004900 ) ) ;
#938 = ORIENTED_EDGE ( 'NONE', *, *, #2759, .F. ) ;
#939 = AXIS2_PLACEMENT_3D ( 'NONE', #1893, #549, #2557 ) ;
#940 = ORIENTED_EDGE ( 'NONE', *, *, #299, .F. ) ;
#941 = VERTEX_POINT ( 'NONE', #2655 ) ;
#942 = ORIENTED_EDGE ( 'NONE', *, *, #2072, .T. ) ;
#943 = EDGE_CURVE ( 'NONE', #2842, #374, #1302, .T. ) ;
#944 = ORIENTED_EDGE ( 'NONE', *, *, #447, .T. ) ;
#945 = AXIS2_PLACEMENT_3D ( 'NONE', #169, #1696, #1287 ) ;
#946 = ORIENTED_EDGE ( 'NONE', *, *, #1812, .F. ) ;
#947 = CARTESIAN_POINT ( 'NONE',  ( 1.050922246249483600E-015, 29.89999999999999500, 0.0000000000000000000 ) ) ;
#948 = DIRECTION ( 'NONE',  ( 1.000000000000000000, 0.0000000000000000000, 0.0000000000000000000 ) ) ;
#949 = VERTEX_POINT ( 'NONE', #1523 ) ;
#950 = DIRECTION ( 'NONE',  ( 0.0000000000000000000, 0.0000000000000000000, 1.000000000000000000 ) ) ;
#951 = DIRECTION ( 'NONE',  ( 4.802536467244269600E-019, 1.000000000000000000, -0.0000000000000000000 ) ) ;
#952 = CARTESIAN_POINT ( 'NONE',  ( 2.500000000000000000, 0.9499999999999998400, 0.0000000000000000000 ) ) ;
#953 = ORIENTED_EDGE ( 'NONE', *, *, #2296, .T. ) ;
#954 = VECTOR ( 'NONE', #2301, 1000.000000000000000 ) ;
#955 = FILL_AREA_STYLE ('',( #52 ) ) ;
#956 = LINE ( 'NONE', #735, #1994 ) ;
#957 = CARTESIAN_POINT ( 'NONE',  ( 8.673617379884035500E-016, 6.700000000000001100, 0.0000000000000000000 ) ) ;
#958 = ADVANCED_FACE ( 'NONE', ( #584 ), #997, .T. ) ;
#959 = CARTESIAN_POINT ( 'NONE',  ( 0.0000000000000000000, 0.8000000000000003800, 0.0000000000000000000 ) ) ;
#960 = AXIS2_PLACEMENT_3D ( 'NONE', #2333, #1423, #96 ) ;
#961 = SURFACE_STYLE_FILL_AREA ( #1635 ) ;
#962 = DIRECTION ( 'NONE',  ( -7.878561074514640800E-017, -1.000000000000000000, -0.0000000000000000000 ) ) ;
#963 = EDGE_CURVE ( 'NONE', #2128, #2442, #268, .T. ) ;
#964 = CIRCLE ( 'NONE', #2652, 1.116279069767440500 ) ;
#965 = DIRECTION ( 'NONE',  ( 0.0000000000000000000, 0.0000000000000000000, -1.000000000000000000 ) ) ;
#966 = VECTOR ( 'NONE', #1053, 1000.000000000000000 ) ;
#967 = FILL_AREA_STYLE_COLOUR ( '', #1334 ) ;
#968 = FACE_OUTER_BOUND ( 'NONE', #1138, .T. ) ;
#969 = DIRECTION ( 'NONE',  ( 2.283227231235655400E-016, -1.000000000000000000, -1.773090792294787900E-016 ) ) ;
#970 = DIRECTION ( 'NONE',  ( 0.0000000000000000000, -1.000000000000000000, 0.0000000000000000000 ) ) ;
#971 = ORIENTED_EDGE ( 'NONE', *, *, #560, .F. ) ;
#972 = DIRECTION ( 'NONE',  ( -7.878561074514640800E-017, -1.000000000000000000, -0.0000000000000000000 ) ) ;
#973 = VERTEX_POINT ( 'NONE', #661 ) ;
#974 = ADVANCED_FACE ( 'NONE', ( #1153 ), #444, .F. ) ;
#975 = ORIENTED_EDGE ( 'NONE', *, *, #1211, .F. ) ;
#976 = ORIENTED_EDGE ( 'NONE', *, *, #2489, .T. ) ;
#977 = DIRECTION ( 'NONE',  ( 0.0000000000000000000, 0.0000000000000000000, 1.000000000000000000 ) ) ;
#978 = VERTEX_POINT ( 'NONE', #871 ) ;
#979 = EDGE_CURVE ( 'NONE', #2637, #2038, #57, .T. ) ;
#980 = CARTESIAN_POINT ( 'NONE',  ( 0.0000000000000000000, 0.0000000000000000000, 0.0000000000000000000 ) ) ;
#981 = ORIENTED_EDGE ( 'NONE', *, *, #913, .T. ) ;
#982 = DIRECTION ( 'NONE',  ( 1.000000000000000000, -7.878561074514640800E-017, 0.0000000000000000000 ) ) ;
#983 = DIRECTION ( 'NONE',  ( -7.878561074514640800E-017, -1.000000000000000000, 0.0000000000000000000 ) ) ;
#984 = VERTEX_POINT ( 'NONE', #1292 ) ;
#985 = AXIS2_PLACEMENT_3D ( 'NONE', #2105, #2791, #782 ) ;
#986 = EDGE_CURVE ( 'NONE', #2021, #2762, #1894, .T. ) ;
#987 = DIRECTION ( 'NONE',  ( 1.000000000000000000, -7.878561074514640800E-017, 0.0000000000000000000 ) ) ;
#988 = ORIENTED_EDGE ( 'NONE', *, *, #865, .F. ) ;
#989 = CARTESIAN_POINT ( 'NONE',  ( -2.427999999999999900, -5.445246459068680000, 0.5956643350075610000 ) ) ;
#990 = DIRECTION ( 'NONE',  ( 7.878561074514640800E-017, 1.000000000000000000, 0.0000000000000000000 ) ) ;
#991 = CARTESIAN_POINT ( 'NONE',  ( 3.637306695894641200, 0.6999999999999998400, -2.100000000000005000 ) ) ;
#992 = ADVANCED_FACE ( 'NONE', ( #1964 ), #2892, .T. ) ;
#993 = DIRECTION ( 'NONE',  ( -7.878561074514640800E-017, -1.000000000000000000, -0.0000000000000000000 ) ) ;
#994 = CARTESIAN_POINT ( 'NONE',  ( 2.500000000000000000, -14.00000000000000000, -0.3000000000000005400 ) ) ;
#995 = DIRECTION ( 'NONE',  ( 0.0000000000000000000, 1.000000000000000000, 0.0000000000000000000 ) ) ;
#996 = CIRCLE ( 'NONE', #1949, 4.200000000000001100 ) ;
#997 = TOROIDAL_SURFACE ( 'NONE', #138, 3.883720930232561500, 1.116279069767440500 ) ;
#998 = CARTESIAN_POINT ( 'NONE',  ( 3.869767441860463700, 29.69999999999999600, 0.0000000000000000000 ) ) ;
#999 = CARTESIAN_POINT ( 'NONE',  ( 3.637306695894641200, 0.6999999999999998400, 2.100000000000005000 ) ) ;
#1000 = AXIS2_PLACEMENT_3D ( 'NONE', #401, #1921, #833 ) ;
#1001 = FACE_OUTER_BOUND ( 'NONE', #2550, .T. ) ;
#1002 = DIRECTION ( 'NONE',  ( 0.0000000000000000000, 0.0000000000000000000, 1.000000000000000000 ) ) ;
#1003 = CIRCLE ( 'NONE', #1462, 0.5999999999999997600 ) ;
#1004 = EDGE_LOOP ( 'NONE', ( #221, #849, #1117, #2883 ) ) ;
#1005 = DIRECTION ( 'NONE',  ( -0.5000000000000010000, 3.939280537257328400E-017, 0.8660254037844380400 ) ) ;
#1006 = FACE_OUTER_BOUND ( 'NONE', #251, .T. ) ;
#1007 = CARTESIAN_POINT ( 'NONE',  ( -0.2250000000000000100, 0.1000000000000000100, 2.238721733489895000 ) ) ;
#1008 = CIRCLE ( 'NONE', #2325, 4.200000000000001100 ) ;
#1009 = EDGE_CURVE ( 'NONE', #2872, #696, #1579, .T. ) ;
#1010 = CARTESIAN_POINT ( 'NONE',  ( 0.0000000000000000000, 0.0000000000000000000, 0.0000000000000000000 ) ) ;
#1011 = LINE ( 'NONE', #1101, #2676 ) ;
#1012 = ADVANCED_FACE ( 'NONE', ( #711 ), #2461, .F. ) ;
#1013 = DIRECTION ( 'NONE',  ( -1.000000000000000000, -0.0000000000000000000, -0.0000000000000000000 ) ) ;
#1014 = CARTESIAN_POINT ( 'NONE',  ( 3.524521992145971600, 0.9499999999999999600, -2.034883720930236600 ) ) ;
#1015 = ORIENTED_EDGE ( 'NONE', *, *, #2489, .F. ) ;
#1016 = SURFACE_SIDE_STYLE ('',( #961 ) ) ;
#1017 = EDGE_LOOP ( 'NONE', ( #2254, #1085 ) ) ;
#1018 = APPLICATION_CONTEXT ( 'automotive_design' ) ;
#1019 = ORIENTED_EDGE ( 'NONE', *, *, #1067, .T. ) ;
#1020 = ORIENTED_EDGE ( 'NONE', *, *, #1686, .F. ) ;
#1021 = DIRECTION ( 'NONE',  ( -7.878561074514640800E-017, -1.000000000000000000, -0.0000000000000000000 ) ) ;
#1022 = VERTEX_POINT ( 'NONE', #2692 ) ;
#1023 = ORIENTED_EDGE ( 'NONE', *, *, #1328, .T. ) ;
#1024 = CARTESIAN_POINT ( 'NONE',  ( 0.0000000000000000000, 0.0000000000000000000, 0.0000000000000000000 ) ) ;
#1025 = DIRECTION ( 'NONE',  ( -1.055527038717743000E-017, -1.000000000000000000, 3.939280537257328400E-017 ) ) ;
#1026 = ORIENTED_EDGE ( 'NONE', *, *, #239, .T. ) ;
#1027 = EDGE_CURVE ( 'NONE', #21, #1568, #655, .T. ) ;
#1028 = CARTESIAN_POINT ( 'NONE',  ( 0.0000000000000000000, 0.0000000000000000000, 0.0000000000000000000 ) ) ;
#1029 = ADVANCED_FACE ( 'NONE', ( #2633 ), #2017, .F. ) ;
#1030 = EDGE_CURVE ( 'NONE', #2129, #2681, #2103, .T. ) ;
#1031 = ORIENTED_EDGE ( 'NONE', *, *, #1027, .F. ) ;
#1032 = ORIENTED_EDGE ( 'NONE', *, *, #504, .F. ) ;
#1033 = AXIS2_PLACEMENT_3D ( 'NONE', #1646, #313, #1868 ) ;
#1034 = CARTESIAN_POINT ( 'NONE',  ( 4.330127018922193600, 1.500000000000001300, -2.500000000000005300 ) ) ;
#1035 = CARTESIAN_POINT ( 'NONE',  ( 7.024979472149304700E-016, 1.200000000000000000, 1.106020089225042500E-015 ) ) ;
#1036 = DIRECTION ( 'NONE',  ( 7.878561074514640800E-017, 1.000000000000000000, 0.0000000000000000000 ) ) ;
#1037 = LINE ( 'NONE', #82, #27 ) ;
#1038 = FACE_OUTER_BOUND ( 'NONE', #827, .T. ) ;
#1039 = ADVANCED_FACE ( 'NONE', ( #2774 ), #926, .T. ) ;
#1040 = DIRECTION ( 'NONE',  ( -4.729651919765296600E-017, -1.000000000000000000, -1.818023548148216100E-017 ) ) ;
#1041 = EDGE_CURVE ( 'NONE', #1677, #1281, #418, .T. ) ;
#1042 = FACE_OUTER_BOUND ( 'NONE', #619, .T. ) ;
#1043 = LINE ( 'NONE', #2748, #1825 ) ;
#1044 = DIRECTION ( 'NONE',  ( 0.0000000000000000000, 0.0000000000000000000, 1.000000000000000000 ) ) ;
#1045 = LINE ( 'NONE', #2638, #2747 ) ;
#1046 = DIRECTION ( 'NONE',  ( -0.0000000000000000000, -1.000000000000000000, -0.0000000000000000000 ) ) ;
#1047 = AXIS2_PLACEMENT_3D ( 'NONE', #692, #2025, #2238 ) ;
#1048 = CIRCLE ( 'NONE', #754, 4.588739290085681200 ) ;
#1049 = EDGE_CURVE ( 'NONE', #2681, #2129, #1819, .T. ) ;
#1050 = VERTEX_POINT ( 'NONE', #1571 ) ;
#1051 = CARTESIAN_POINT ( 'NONE',  ( -2.427999999999999900, -5.445246459068680000, -0.5956643350075612200 ) ) ;
#1052 = AXIS2_PLACEMENT_3D ( 'NONE', #1926, #1443, #2783 ) ;
#1053 = DIRECTION ( 'NONE',  ( -0.0000000000000000000, 1.000000000000000000, -0.0000000000000000000 ) ) ;
#1054 = ORIENTED_EDGE ( 'NONE', *, *, #1009, .T. ) ;
#1055 = ORIENTED_EDGE ( 'NONE', *, *, #519, .F. ) ;
#1056 = DIRECTION ( 'NONE',  ( -7.878561074514640800E-017, -1.000000000000000000, -0.0000000000000000000 ) ) ;
#1057 = DIRECTION ( 'NONE',  ( -0.0000000000000000000, 1.000000000000000000, 0.0000000000000000000 ) ) ;
#1058 = ORIENTED_EDGE ( 'NONE', *, *, #2684, .T. ) ;
#1059 = ORIENTED_EDGE ( 'NONE', *, *, #1114, .T. ) ;
#1060 = SURFACE_SIDE_STYLE ('',( #2063 ) ) ;
#1061 = ORIENTED_EDGE ( 'NONE', *, *, #924, .F. ) ;
#1062 = DIRECTION ( 'NONE',  ( 0.0000000000000000000, 0.0000000000000000000, 1.000000000000000000 ) ) ;
#1063 = AXIS2_PLACEMENT_3D ( 'NONE', #677, #2412, #12 ) ;
#1064 = ORIENTED_EDGE ( 'NONE', *, *, #658, .F. ) ;
#1065 = DIRECTION ( 'NONE',  ( 1.000000000000000000, -7.878561074514640800E-017, 0.0000000000000000000 ) ) ;
#1066 = CARTESIAN_POINT ( 'NONE',  ( 0.0000000000000000000, 0.1000000000000000100, 0.0000000000000000000 ) ) ;
#1067 = EDGE_CURVE ( 'NONE', #1050, #1469, #1517, .T. ) ;
#1068 = AXIS2_PLACEMENT_3D ( 'NONE', #2065, #2291, #2813 ) ;
#1069 = DIRECTION ( 'NONE',  ( 0.0000000000000000000, 1.000000000000000000, 0.0000000000000000000 ) ) ;
#1070 = LINE ( 'NONE', #2099, #301 ) ;
#1071 = LINE ( 'NONE', #114, #2386 ) ;
#1072 = CARTESIAN_POINT ( 'NONE',  ( -2.500000000000000000, 0.0000000000000000000, -9.184850993605148400E-017 ) ) ;
#1073 = LINE ( 'NONE', #73, #1654 ) ;
#1074 = CARTESIAN_POINT ( 'NONE',  ( 4.200000000000001100, 1.499999999999999800, 0.0000000000000000000 ) ) ;
#1075 = LINE ( 'NONE', #1790, #548 ) ;
#1076 = VECTOR ( 'NONE', #781, 1000.000000000000000 ) ;
#1077 = DIRECTION ( 'NONE',  ( 0.0000000000000000000, -0.0000000000000000000, 1.000000000000000000 ) ) ;
#1078 = DIRECTION ( 'NONE',  ( 4.802536467244269600E-019, 1.000000000000000000, 0.0000000000000000000 ) ) ;
#1079 = EDGE_CURVE ( 'NONE', #1836, #2719, #2027, .T. ) ;
#1080 = CARTESIAN_POINT ( 'NONE',  ( 4.023255813953488400, 6.700000000000000200, 0.0000000000000000000 ) ) ;
#1081 = CARTESIAN_POINT ( 'NONE',  ( 2.427999999999999500, 0.9500000000000002900, 0.5956643350075631100 ) ) ;
#1082 = ORIENTED_EDGE ( 'NONE', *, *, #1296, .T. ) ;
#1083 = AXIS2_PLACEMENT_3D ( 'NONE', #617, #1727, #2166 ) ;
#1084 = VERTEX_POINT ( 'NONE', #2728 ) ;
#1085 = ORIENTED_EDGE ( 'NONE', *, *, #900, .F. ) ;
#1086 = DIRECTION ( 'NONE',  ( -7.878561074514640800E-017, -1.000000000000000000, -0.0000000000000000000 ) ) ;
#1087 =( GEOMETRIC_REPRESENTATION_CONTEXT ( 3 ) GLOBAL_UNCERTAINTY_ASSIGNED_CONTEXT ( ( #534 ) ) GLOBAL_UNIT_ASSIGNED_CONTEXT ( ( #2281, #1405, #530 ) ) REPRESENTATION_CONTEXT ( 'NONE', 'WORKASPACE' ) );
#1088 = ORIENTED_EDGE ( 'NONE', *, *, #40, .T. ) ;
#1089 = DIRECTION ( 'NONE',  ( -1.113750122303911200E-015, 0.0000000000000000000, 1.000000000000000000 ) ) ;
#1090 = CARTESIAN_POINT ( 'NONE',  ( 0.0000000000000000000, 0.0000000000000000000, 0.0000000000000000000 ) ) ;
#1091 = UNCERTAINTY_MEASURE_WITH_UNIT (LENGTH_MEASURE( 1.000000000000000100E-005 ), #1146, 'distance_accuracy_value', 'NONE');
#1092 = ORIENTED_EDGE ( 'NONE', *, *, #1830, .F. ) ;
#1093 = ORIENTED_EDGE ( 'NONE', *, *, #155, .T. ) ;
#1094 = VERTEX_POINT ( 'NONE', #2515 ) ;
#1095 = ORIENTED_EDGE ( 'NONE', *, *, #1030, .F. ) ;
#1096 = AXIS2_PLACEMENT_3D ( 'NONE', #734, #2493, #1151 ) ;
#1097 = CARTESIAN_POINT ( 'NONE',  ( 2.504521911382032600E-032, 30.00000000000000000, 0.0000000000000000000 ) ) ;
#1098 = ORIENTED_EDGE ( 'NONE', *, *, #2415, .F. ) ;
#1099 = CARTESIAN_POINT ( 'NONE',  ( 6.556132399156322400E-016, 0.7000000000000001800, -1.135555441648715800E-015 ) ) ;
#1100 = EDGE_CURVE ( 'NONE', #978, #53, #2420, .T. ) ;
#1101 = CARTESIAN_POINT ( 'NONE',  ( 0.2250000000000000100, 0.1000000000000000100, 1.836266592845385600 ) ) ;
#1102 = LINE ( 'NONE', #753, #1407 ) ;
#1103 = LINE ( 'NONE', #2377, #1610 ) ;
#1104 = DIRECTION ( 'NONE',  ( 1.000000000000000000, 0.0000000000000000000, 0.0000000000000000000 ) ) ;
#1105 = CIRCLE ( 'NONE', #1743, 4.069767441860467900 ) ;
#1106 = VECTOR ( 'NONE', #371, 1000.000000000000000 ) ;
#1107 = AXIS2_PLACEMENT_3D ( 'NONE', #2117, #995, #2793 ) ;
#1108 = LINE ( 'NONE', #377, #390 ) ;
#1109 = CARTESIAN_POINT ( 'NONE',  ( 2.339932639130848100E-015, 29.69999999999999600, 0.0000000000000000000 ) ) ;
#1110 = CIRCLE ( 'NONE', #110, 0.3000000000000005400 ) ;
#1111 = DIRECTION ( 'NONE',  ( -1.000000000000000000, 8.673617379884035500E-017, 0.0000000000000000000 ) ) ;
#1112 = EDGE_CURVE ( 'NONE', #2760, #1944, #269, .T. ) ;
#1113 = ORIENTED_EDGE ( 'NONE', *, *, #1176, .F. ) ;
#1114 = EDGE_CURVE ( 'NONE', #1320, #1291, #173, .T. ) ;
#1115 = ORIENTED_EDGE ( 'NONE', *, *, #2312, .T. ) ;
#1116 = ORIENTED_EDGE ( 'NONE', *, *, #673, .F. ) ;
#1117 = ORIENTED_EDGE ( 'NONE', *, *, #2033, .T. ) ;
#1118 = ORIENTED_EDGE ( 'NONE', *, *, #95, .T. ) ;
#1119 = ORIENTED_EDGE ( 'NONE', *, *, #363, .T. ) ;
#1120 = DIRECTION ( 'NONE',  ( -7.878561074514640800E-017, -1.000000000000000000, -0.0000000000000000000 ) ) ;
#1121 = EDGE_CURVE ( 'NONE', #774, #2408, #2457, .T. ) ;
#1122 = ORIENTED_EDGE ( 'NONE', *, *, #1647, .F. ) ;
#1123 = PRESENTATION_STYLE_ASSIGNMENT (( #2744 ) ) ;
#1124 = CYLINDRICAL_SURFACE ( 'NONE', #1279, 4.069767441860467900 ) ;
#1125 = EDGE_CURVE ( 'NONE', #2716, #48, #1073, .T. ) ;
#1126 = VECTOR ( 'NONE', #556, 1000.000000000000000 ) ;
#1127 = VECTOR ( 'NONE', #2735, 1000.000000000000000 ) ;
#1128 = ORIENTED_EDGE ( 'NONE', *, *, #1328, .F. ) ;
#1129 = DIRECTION ( 'NONE',  ( 1.086250119284061600E-015, -0.0000000000000000000, 1.000000000000000000 ) ) ;
#1130 = CARTESIAN_POINT ( 'NONE',  ( 3.637306695894641200, 30.00000000000000000, -2.100000000000003600 ) ) ;
#1131 = PRODUCT ( 'EEUFC0J272L', 'EEUFC0J272L', '', ( #601 ) ) ;
#1132 = DIRECTION ( 'NONE',  ( -0.0000000000000000000, 1.000000000000000000, -0.0000000000000000000 ) ) ;
#1133 = LINE ( 'NONE', #2347, #1660 ) ;
#1134 = CARTESIAN_POINT ( 'NONE',  ( 2.363568322354392200E-015, 30.00000000000000000, 0.0000000000000000000 ) ) ;
#1135 = VERTEX_POINT ( 'NONE', #2050 ) ;
#1136 = ORIENTED_EDGE ( 'NONE', *, *, #2517, .F. ) ;
#1137 = DIRECTION ( 'NONE',  ( 0.0000000000000000000, -1.000000000000000000, 0.0000000000000000000 ) ) ;
#1138 = EDGE_LOOP ( 'NONE', ( #770, #2845, #2535, #1924, #2402, #1297, #2713, #1425, #816, #2753, #288, #1026, #2875, #1707, #567 ) ) ;
#1139 = ORIENTED_EDGE ( 'NONE', *, *, #2677, .T. ) ;
#1140 = EDGE_CURVE ( 'NONE', #332, #400, #2521, .T. ) ;
#1141 = VERTEX_POINT ( 'NONE', #1850 ) ;
#1142 = DIRECTION ( 'NONE',  ( 0.8660254037844380400, 1.055527038717743000E-017, 0.5000000000000010000 ) ) ;
#1143 = AXIS2_PLACEMENT_3D ( 'NONE', #333, #1179, #1412 ) ;
#1144 = EDGE_LOOP ( 'NONE', ( #2380, #2232, #1023, #1207, #1634, #646, #1840, #916, #728, #187, #2577, #46, #1604, #1813 ) ) ;
#1145 = ORIENTED_EDGE ( 'NONE', *, *, #1865, .F. ) ;
#1146 =( LENGTH_UNIT ( ) NAMED_UNIT ( * ) SI_UNIT ( .MILLI., .METRE. ) );
#1147 = DIRECTION ( 'NONE',  ( 1.000000000000000000, -7.878561074514640800E-017, 0.0000000000000000000 ) ) ;
#1148 = ORIENTED_EDGE ( 'NONE', *, *, #2317, .T. ) ;
#1149 = ORIENTED_EDGE ( 'NONE', *, *, #2717, .T. ) ;
#1150 = ORIENTED_EDGE ( 'NONE', *, *, #2453, .F. ) ;
#1151 = DIRECTION ( 'NONE',  ( 1.000000000000000000, 0.0000000000000000000, 0.0000000000000000000 ) ) ;
#1152 = AXIS2_PLACEMENT_3D ( 'NONE', #2890, #1078, #1316 ) ;
#1153 = FACE_OUTER_BOUND ( 'NONE', #1325, .T. ) ;
#1154 = CARTESIAN_POINT ( 'NONE',  ( 0.2250000000000000100, 0.8000000000000003800, -2.489854413414567300 ) ) ;
#1155 = EDGE_CURVE ( 'NONE', #2046, #1628, #1518, .T. ) ;
#1156 = DIRECTION ( 'NONE',  ( 7.878561074514640800E-017, 1.000000000000000000, 0.0000000000000000000 ) ) ;
#1157 = LINE ( 'NONE', #844, #684 ) ;
#1158 = CARTESIAN_POINT ( 'NONE',  ( 0.0000000000000000000, 0.0000000000000000000, 0.0000000000000000000 ) ) ;
#1159 = AXIS2_PLACEMENT_3D ( 'NONE', #204, #427, #2644 ) ;
#1160 = DIRECTION ( 'NONE',  ( 1.000000000000000000, -7.992118871464570300E-017, 0.0000000000000000000 ) ) ;
#1161 = FACE_OUTER_BOUND ( 'NONE', #609, .T. ) ;
#1162 = DIRECTION ( 'NONE',  ( -1.000000000000000000, 4.802536467244269600E-019, 1.086250119284061400E-015 ) ) ;
#1163 = CIRCLE ( 'NONE', #143, 4.588739290085680300 ) ;
#1164 = DIRECTION ( 'NONE',  ( 0.0000000000000000000, 0.0000000000000000000, 1.000000000000000000 ) ) ;
#1165 = CIRCLE ( 'NONE', #564, 0.3000000000000001000 ) ;
#1166 = CIRCLE ( 'NONE', #1943, 2.250000000000000400 ) ;
#1167 = ADVANCED_FACE ( 'NONE', ( #2309 ), #482, .F. ) ;
#1168 = CARTESIAN_POINT ( 'NONE',  ( 3.973964796557967200, 7.890013110079941300, 2.294369645042844600 ) ) ;
#1169 = ORIENTED_EDGE ( 'NONE', *, *, #2274, .T. ) ;
#1170 = EDGE_CURVE ( 'NONE', #1459, #854, #1411, .T. ) ;
#1171 = DIRECTION ( 'NONE',  ( 1.086250119284061400E-015, 0.0000000000000000000, 1.000000000000000000 ) ) ;
#1172 = CARTESIAN_POINT ( 'NONE',  ( 4.330127018922193600, 1.500000000000001300, 2.500000000000005300 ) ) ;
#1173 = EDGE_LOOP ( 'NONE', ( #1169, #405, #191, #2198, #1122, #1174 ) ) ;
#1174 = ORIENTED_EDGE ( 'NONE', *, *, #986, .F. ) ;
#1175 = AXIS2_PLACEMENT_3D ( 'NONE', #1975, #2247, #2010 ) ;
#1176 = EDGE_CURVE ( 'NONE', #41, #437, #1856, .T. ) ;
#1177 = DIRECTION ( 'NONE',  ( 1.000000000000000000, -7.878561074514642100E-017, 0.0000000000000000000 ) ) ;
#1178 = ORIENTED_EDGE ( 'NONE', *, *, #880, .F. ) ;
#1179 = DIRECTION ( 'NONE',  ( -7.878561074514640800E-017, -1.000000000000000000, -0.0000000000000000000 ) ) ;
#1180 = ORIENTED_EDGE ( 'NONE', *, *, #986, .T. ) ;
#1181 = DIRECTION ( 'NONE',  ( -0.8660254037844380400, 1.554023113895891300E-015, 0.5000000000000011100 ) ) ;
#1182 = ADVANCED_FACE ( 'NONE', ( #1448 ), #2780, .F. ) ;
#1183 = DIRECTION ( 'NONE',  ( -7.878561074514640800E-017, -1.000000000000000000, -0.0000000000000000000 ) ) ;
#1184 = VERTEX_POINT ( 'NONE', #2508 ) ;
#1185 = DIRECTION ( 'NONE',  ( 0.0000000000000000000, 0.0000000000000000000, 1.000000000000000000 ) ) ;
#1186 = CARTESIAN_POINT ( 'NONE',  ( 2.500000000000000000, -5.445246459068680000, -9.184850993605148400E-017 ) ) ;
#1187 = CARTESIAN_POINT ( 'NONE',  ( 3.134915304991697000E-016, 29.69999999999999600, 1.169966319565426200E-015 ) ) ;
#1188 =( GEOMETRIC_REPRESENTATION_CONTEXT ( 3 ) GLOBAL_UNCERTAINTY_ASSIGNED_CONTEXT ( ( #24 ) ) GLOBAL_UNIT_ASSIGNED_CONTEXT ( ( #746, #780, #1401 ) ) REPRESENTATION_CONTEXT ( 'NONE', 'WORKASPACE' ) );
#1189 = DIRECTION ( 'NONE',  ( -7.878561074514640800E-017, -1.000000000000000000, -0.0000000000000000000 ) ) ;
#1190 = ORIENTED_EDGE ( 'NONE', *, *, #1241, .T. ) ;
#1191 = DIRECTION ( 'NONE',  ( -1.000000000000000000, -0.0000000000000000000, -0.0000000000000000000 ) ) ;
#1192 = LINE ( 'NONE', #2316, #899 ) ;
#1193 = CARTESIAN_POINT ( 'NONE',  ( 0.0000000000000000000, 0.0000000000000000000, 0.0000000000000000000 ) ) ;
#1194 = FACE_OUTER_BOUND ( 'NONE', #732, .T. ) ;
#1195 = EDGE_CURVE ( 'NONE', #2872, #2616, #2560, .T. ) ;
#1196 = CARTESIAN_POINT ( 'NONE',  ( -0.2250000000000000100, 0.1000000000000000100, 0.0000000000000000000 ) ) ;
#1197 = ADVANCED_FACE ( 'NONE', ( #2777 ), #2096, .F. ) ;
#1198 = CARTESIAN_POINT ( 'NONE',  ( -3.869767441860461500, 29.69999999999999600, 4.739098311119056300E-016 ) ) ;
#1199 = AXIS2_PLACEMENT_3D ( 'NONE', #2572, #144, #1475 ) ;
#1200 = CARTESIAN_POINT ( 'NONE',  ( 2.500000000000000000, 1.200000000000000000, 0.3000000000000005400 ) ) ;
#1201 = CIRCLE ( 'NONE', #2228, 2.250000000000000400 ) ;
#1202 = CARTESIAN_POINT ( 'NONE',  ( 3.351316911389080800, 30.00000000000000000, -1.934883720930235000 ) ) ;
#1203 = PLANE ( 'NONE',  #2035 ) ;
#1204 = ORIENTED_EDGE ( 'NONE', *, *, #335, .F. ) ;
#1205 = ORIENTED_EDGE ( 'NONE', *, *, #2677, .F. ) ;
#1206 = ORIENTED_EDGE ( 'NONE', *, *, #1995, .T. ) ;
#1207 = ORIENTED_EDGE ( 'NONE', *, *, #1121, .T. ) ;
#1208 = DIRECTION ( 'NONE',  ( -7.878561074514640800E-017, -1.000000000000000000, -0.0000000000000000000 ) ) ;
#1209 = CARTESIAN_POINT ( 'NONE',  ( 3.484241740807158600, 6.700000000000001100, -2.011627906976748200 ) ) ;
#1210 = ORIENTED_EDGE ( 'NONE', *, *, #762, .T. ) ;
#1211 = EDGE_CURVE ( 'NONE', #32, #2837, #2177, .T. ) ;
#1212 = CARTESIAN_POINT ( 'NONE',  ( 3.524521992145971600, 0.6999999999999998400, 2.034883720930236600 ) ) ;
#1213 = DIRECTION ( 'NONE',  ( 0.0000000000000000000, 0.0000000000000000000, 1.000000000000000000 ) ) ;
#1214 = ADVANCED_FACE ( 'NONE', ( #2634 ), #927, .F. ) ;
#1215 = DIRECTION ( 'NONE',  ( -1.113750122303911200E-015, -0.0000000000000000000, 1.000000000000000000 ) ) ;
#1216 = EDGE_CURVE ( 'NONE', #2842, #2622, #1580, .T. ) ;
#1217 = ORIENTED_EDGE ( 'NONE', *, *, #230, .F. ) ;
#1218 = ORIENTED_EDGE ( 'NONE', *, *, #1933, .T. ) ;
#1219 = CARTESIAN_POINT ( 'NONE',  ( 2.427999999999999500, 0.0000000000000000000, -0.5956643350075633300 ) ) ;
#1220 = CARTESIAN_POINT ( 'NONE',  ( 4.813490034987924400, 6.700000000000001100, 2.779069767441866300 ) ) ;
#1221 = ORIENTED_EDGE ( 'NONE', *, *, #1155, .T. ) ;
#1222 = PRESENTATION_LAYER_ASSIGNMENT (  '', '', ( #787 ) ) ;
#1223 = DIRECTION ( 'NONE',  ( 1.000000000000000000, -7.878561074514640800E-017, 0.0000000000000000000 ) ) ;
#1224 = ORIENTED_EDGE ( 'NONE', *, *, #2033, .F. ) ;
#1225 = STYLED_ITEM ( 'NONE', ( #65 ), #2693 ) ;
#1226 = ORIENTED_EDGE ( 'NONE', *, *, #2014, .T. ) ;
#1227 = CARTESIAN_POINT ( 'NONE',  ( -2.500000000000000000, 0.9499999999999998400, 0.3000000000000001000 ) ) ;
#1228 = DIRECTION ( 'NONE',  ( -3.614007241618350000E-015, 0.0000000000000000000, 1.000000000000000000 ) ) ;
#1229 = CARTESIAN_POINT ( 'NONE',  ( 4.330127018922193600, 29.20000000000000300, 2.500000000000005300 ) ) ;
#1230 = CIRCLE ( 'NONE', #200, 0.6000000000000003100 ) ;
#1231 = ADVANCED_FACE ( 'NONE', ( #97 ), #2857, .T. ) ;
#1232 = DIRECTION ( 'NONE',  ( 0.8660254037844380400, -4.272552208925304300E-017, 0.5000000000000010000 ) ) ;
#1233 = CARTESIAN_POINT ( 'NONE',  ( 4.156837112707541500E-016, 1.199999999999999700, -1.854108303135378300E-016 ) ) ;
#1234 = AXIS2_PLACEMENT_3D ( 'NONE', #2290, #2326, #2077 ) ;
#1235 = CIRCLE ( 'NONE', #1152, 3.869767441860462400 ) ;
#1236 = CIRCLE ( 'NONE', #2261, 0.8000000000000003800 ) ;
#1237 = CARTESIAN_POINT ( 'NONE',  ( 0.0000000000000000000, 0.1000000000000000100, 0.0000000000000000000 ) ) ;
#1238 = DIRECTION ( 'NONE',  ( -7.878561074514640800E-017, -1.000000000000000000, -0.0000000000000000000 ) ) ;
#1239 = CARTESIAN_POINT ( 'NONE',  ( 3.363400986790727700, 4.644522809861920900, 1.941860465116284500 ) ) ;
#1240 = CIRCLE ( 'NONE', #1068, 3.869767441860462400 ) ;
#1241 = EDGE_CURVE ( 'NONE', #2124, #2009, #1794, .T. ) ;
#1242 = CARTESIAN_POINT ( 'NONE',  ( 0.0000000000000000000, 0.0000000000000000000, 0.0000000000000000000 ) ) ;
#1243 = AXIS2_PLACEMENT_3D ( 'NONE', #630, #858, #2401 ) ;
#1244 = VECTOR ( 'NONE', #2061, 1000.000000000000000 ) ;
#1245 = DIRECTION ( 'NONE',  ( -4.802536467244269600E-019, -1.000000000000000000, -0.0000000000000000000 ) ) ;
#1246 = ADVANCED_FACE ( 'NONE', ( #1038 ), #698, .F. ) ;
#1247 = ORIENTED_EDGE ( 'NONE', *, *, #1933, .F. ) ;
#1248 = ORIENTED_EDGE ( 'NONE', *, *, #1622, .T. ) ;
#1249 = AXIS2_PLACEMENT_3D ( 'NONE', #172, #1056, #2584 ) ;
#1250 = DIRECTION ( 'NONE',  ( 0.0000000000000000000, 1.000000000000000000, 0.0000000000000000000 ) ) ;
#1251 = ORIENTED_EDGE ( 'NONE', *, *, #1617, .T. ) ;
#1252 = ORIENTED_EDGE ( 'NONE', *, *, #1962, .T. ) ;
#1253 = DIRECTION ( 'NONE',  ( -7.878561074514640800E-017, -1.000000000000000000, -0.0000000000000000000 ) ) ;
#1254 = CARTESIAN_POINT ( 'NONE',  ( 1.050826195520138800E-015, 29.69999999999999600, 0.0000000000000000000 ) ) ;
#1255 = VERTEX_POINT ( 'NONE', #1810 ) ;
#1256 = AXIS2_PLACEMENT_3D ( 'NONE', #2809, #396, #2840 ) ;
#1257 = CARTESIAN_POINT ( 'NONE',  ( 5.000000000000000900, 1.500000000000000000, 0.0000000000000000000 ) ) ;
#1258 = MANIFOLD_SOLID_BREP ( 'Pin - Positive', #2546 ) ;
#1259 = CARTESIAN_POINT ( 'NONE',  ( 1.518502585578269200E-016, 0.9500000000000000700, 0.0000000000000000000 ) ) ;
#1260 = DIRECTION ( 'NONE',  ( 0.0000000000000000000, 0.0000000000000000000, -1.000000000000000000 ) ) ;
#1261 = EDGE_CURVE ( 'NONE', #48, #1677, #834, .T. ) ;
#1262 = ORIENTED_EDGE ( 'NONE', *, *, #1780, .T. ) ;
#1263 =( NAMED_UNIT ( * ) SI_UNIT ( $, .STERADIAN. ) SOLID_ANGLE_UNIT ( ) );
#1264 = VERTEX_POINT ( 'NONE', #2707 ) ;
#1265 = ADVANCED_FACE ( 'NONE', ( #2146 ), #2485, .F. ) ;
#1266 = CARTESIAN_POINT ( 'NONE',  ( 9.454273289417566800E-017, 1.199999999999999700, 0.0000000000000000000 ) ) ;
#1267 = CARTESIAN_POINT ( 'NONE',  ( 0.0000000000000000000, 0.9500000000000002900, 0.0000000000000000000 ) ) ;
#1268 = VECTOR ( 'NONE', #368, 1000.000000000000100 ) ;
#1269 = CIRCLE ( 'NONE', #1083, 2.500000000000000000 ) ;
#1270 = PRESENTATION_STYLE_ASSIGNMENT (( #264 ) ) ;
#1271 = FACE_OUTER_BOUND ( 'NONE', #2611, .T. ) ;
#1272 = EDGE_CURVE ( 'NONE', #949, #408, #1966, .T. ) ;
#1273 = CIRCLE ( 'NONE', #2629, 4.069767441860467900 ) ;
#1274 = PLANE ( 'NONE',  #59 ) ;
#1275 = FILL_AREA_STYLE ('',( #419 ) ) ;
#1276 = CIRCLE ( 'NONE', #1546, 2.250000000000000400 ) ;
#1277 = CARTESIAN_POINT ( 'NONE',  ( -2.190500000000000100, 0.0000000000000000000, 0.5140133753123548000 ) ) ;
#1278 = CARTESIAN_POINT ( 'NONE',  ( 4.200000000000000200, 29.19999999999999900, 0.0000000000000000000 ) ) ;
#1279 = AXIS2_PLACEMENT_3D ( 'NONE', #1193, #1621, #2746 ) ;
#1280 = EDGE_CURVE ( 'NONE', #1670, #2805, #2741, .T. ) ;
#1281 = VERTEX_POINT ( 'NONE', #1601 ) ;
#1282 = DIRECTION ( 'NONE',  ( 1.000000000000000000, 0.0000000000000000000, 0.0000000000000000000 ) ) ;
#1283 = ORIENTED_EDGE ( 'NONE', *, *, #603, .T. ) ;
#1284 = VERTEX_POINT ( 'NONE', #2734 ) ;
#1285 = PLANE ( 'NONE',  #2118 ) ;
#1286 = ORIENTED_EDGE ( 'NONE', *, *, #880, .T. ) ;
#1287 = DIRECTION ( 'NONE',  ( 0.0000000000000000000, -0.0000000000000000000, 1.000000000000000000 ) ) ;
#1288 = ORIENTED_EDGE ( 'NONE', *, *, #262, .F. ) ;
#1289 = VERTEX_POINT ( 'NONE', #295 ) ;
#1290 = STYLED_ITEM ( 'NONE', ( #1270 ), #1258 ) ;
#1291 = VERTEX_POINT ( 'NONE', #2773 ) ;
#1292 = CARTESIAN_POINT ( 'NONE',  ( 4.330127018922191900, 1.500000000000000000, 2.500000000000006200 ) ) ;
#1293 = ORIENTED_EDGE ( 'NONE', *, *, #1780, .F. ) ;
#1294 = CARTESIAN_POINT ( 'NONE',  ( -0.2250000000000000100, 0.0000000000000000000, -2.489854413414567300 ) ) ;
#1295 = DIRECTION ( 'NONE',  ( 0.0000000000000000000, -0.0000000000000000000, 1.000000000000000000 ) ) ;
#1296 = EDGE_CURVE ( 'NONE', #228, #535, #2239, .T. ) ;
#1297 = ORIENTED_EDGE ( 'NONE', *, *, #1849, .T. ) ;
#1298 = SURFACE_SIDE_STYLE ('',( #480 ) ) ;
#1299 = CARTESIAN_POINT ( 'NONE',  ( -2.500000000000000000, 0.9499999999999998400, 0.0000000000000000000 ) ) ;
#1300 = CARTESIAN_POINT ( 'NONE',  ( 0.2500000000000012800, 29.89999999999999500, -3.861683577674802900 ) ) ;
#1301 = DIRECTION ( 'NONE',  ( -4.802536467244269600E-019, -1.000000000000000000, -0.0000000000000000000 ) ) ;
#1302 = CIRCLE ( 'NONE', #2887, 2.500000000000000000 ) ;
#1303 = LINE ( 'NONE', #1664, #2306 ) ;
#1304 = DIRECTION ( 'NONE',  ( 0.0000000000000000000, 0.0000000000000000000, -1.000000000000000000 ) ) ;
#1305 = VECTOR ( 'NONE', #1951, 1000.000000000000000 ) ;
#1306 = CARTESIAN_POINT ( 'NONE',  ( 2.773682599278156400E-015, -17.00000000000000000, 0.0000000000000000000 ) ) ;
#1307 = LINE ( 'NONE', #386, #554 ) ;
#1308 = SURFACE_STYLE_FILL_AREA ( #593 ) ;
#1309 = EDGE_CURVE ( 'NONE', #1637, #1873, #2706, .T. ) ;
#1310 = FACE_OUTER_BOUND ( 'NONE', #2506, .T. ) ;
#1311 = EDGE_CURVE ( 'NONE', #21, #1873, #304, .T. ) ;
#1312 = CIRCLE ( 'NONE', #2696, 2.500000000000000000 ) ;
#1313 = ORIENTED_EDGE ( 'NONE', *, *, #230, .T. ) ;
#1314 = DIRECTION ( 'NONE',  ( 0.8660254037844379300, 0.0000000000000000000, 0.5000000000000011100 ) ) ;
#1315 = ORIENTED_EDGE ( 'NONE', *, *, #9, .F. ) ;
#1316 = DIRECTION ( 'NONE',  ( -1.000000000000000000, 0.0000000000000000000, 0.0000000000000000000 ) ) ;
#1317 = CARTESIAN_POINT ( 'NONE',  ( 3.351316911389080800, 30.00000000000000000, 1.934883720930235000 ) ) ;
#1318 = ORIENTED_EDGE ( 'NONE', *, *, #1311, .T. ) ;
#1319 = ORIENTED_EDGE ( 'NONE', *, *, #2134, .T. ) ;
#1320 = VERTEX_POINT ( 'NONE', #1212 ) ;
#1321 = EDGE_CURVE ( 'NONE', #1264, #154, #2106, .T. ) ;
#1322 = DIRECTION ( 'NONE',  ( -0.0000000000000000000, 1.000000000000000000, -0.0000000000000000000 ) ) ;
#1323 = EDGE_CURVE ( 'NONE', #369, #574, #1105, .T. ) ;
#1324 = DIRECTION ( 'NONE',  ( 1.000000000000000000, -4.802536467244269600E-019, -8.800000966351890300E-016 ) ) ;
#1325 = EDGE_LOOP ( 'NONE', ( #1015, #1832, #2708, #2836 ) ) ;
#1326 = ORIENTED_EDGE ( 'NONE', *, *, #1079, .T. ) ;
#1327 = AXIS2_PLACEMENT_3D ( 'NONE', #2687, #249, #1818 ) ;
#1328 = EDGE_CURVE ( 'NONE', #1739, #774, #869, .T. ) ;
#1329 = AXIS2_PLACEMENT_3D ( 'NONE', #1693, #354, #2120 ) ;
#1330 = VECTOR ( 'NONE', #776, 1000.000000000000000 ) ;
#1331 = CIRCLE ( 'NONE', #1033, 0.3000000000000001000 ) ;
#1332 = DIRECTION ( 'NONE',  ( 0.8660254037844382600, -1.554023113895891500E-015, 0.5000000000000007800 ) ) ;
#1333 = CARTESIAN_POINT ( 'NONE',  ( 8.673617379884035500E-016, 6.700000000000000200, 0.0000000000000000000 ) ) ;
#1334 = COLOUR_RGB ( '',0.2509803921568627400, 0.2509803921568627400, 0.2509803921568627400 ) ;
#1335 = VECTOR ( 'NONE', #203, 1000.000000000000000 ) ;
#1336 = AXIS2_PLACEMENT_3D ( 'NONE', #1400, #1591, #67 ) ;
#1337 = CIRCLE ( 'NONE', #2403, 4.999999999999998200 ) ;
#1338 = CYLINDRICAL_SURFACE ( 'NONE', #1437, 5.000000000000000900 ) ;
#1339 = DIRECTION ( 'NONE',  ( 1.000000000000000000, -7.878561074514640800E-017, 0.0000000000000000000 ) ) ;
#1340 = CIRCLE ( 'NONE', #2149, 0.5999999999999997600 ) ;
#1341 = DIRECTION ( 'NONE',  ( 0.0000000000000000000, -1.000000000000000000, 0.0000000000000000000 ) ) ;
#1342 = EDGE_LOOP ( 'NONE', ( #1599, #468, #2169, #1349, #1394, #1178, #2008, #2337, #2289, #367, #2614, #1180, #496, #1093, #1293 ) ) ;
#1343 = EDGE_CURVE ( 'NONE', #888, #2258, #2029, .T. ) ;
#1344 = DIRECTION ( 'NONE',  ( 1.000000000000000000, -8.673617379884033000E-017, 0.0000000000000000000 ) ) ;
#1345 = ORIENTED_EDGE ( 'NONE', *, *, #2173, .T. ) ;
#1346 = EDGE_LOOP ( 'NONE', ( #1986, #2196, #1680, #736, #1776, #1431 ) ) ;
#1347 = AXIS2_PLACEMENT_3D ( 'NONE', #2771, #2100, #977 ) ;
#1348 = DIRECTION ( 'NONE',  ( 0.5000000000000010000, 4.272023717955882700E-018, -0.8660254037844380400 ) ) ;
#1349 = ORIENTED_EDGE ( 'NONE', *, *, #560, .T. ) ;
#1350 = EDGE_LOOP ( 'NONE', ( #2873, #1533, #2474, #291 ) ) ;
#1351 = EDGE_LOOP ( 'NONE', ( #586, #1381, #1393, #162 ) ) ;
#1352 = DIRECTION ( 'NONE',  ( 0.0000000000000000000, 1.000000000000000000, 0.0000000000000000000 ) ) ;
#1353 = ORIENTED_EDGE ( 'NONE', *, *, #2664, .T. ) ;
#1354 = DIRECTION ( 'NONE',  ( 0.5000000000000008900, -3.939280537257328400E-017, 0.8660254037844381500 ) ) ;
#1355 = ORIENTED_EDGE ( 'NONE', *, *, #1686, .T. ) ;
#1356 = DIRECTION ( 'NONE',  ( 0.0000000000000000000, 1.000000000000000000, 0.0000000000000000000 ) ) ;
#1357 = ORIENTED_EDGE ( 'NONE', *, *, #779, .T. ) ;
#1358 = ADVANCED_FACE ( 'NONE', ( #1366 ), #2060, .T. ) ;
#1359 = EDGE_CURVE ( 'NONE', #2722, #2447, #1552, .T. ) ;
#1360 = EDGE_CURVE ( 'NONE', #786, #696, #2674, .T. ) ;
#1361 = PRODUCT_DEFINITION_SHAPE ( 'NONE', 'NONE',  #725 ) ;
#1362 = ORIENTED_EDGE ( 'NONE', *, *, #246, .F. ) ;
#1363 = AXIS2_PLACEMENT_3D ( 'NONE', #1447, #1910, #824 ) ;
#1364 = FACE_OUTER_BOUND ( 'NONE', #2690, .T. ) ;
#1365 = DIRECTION ( 'NONE',  ( 1.000000000000000000, 0.0000000000000000000, 0.0000000000000000000 ) ) ;
#1366 = FACE_OUTER_BOUND ( 'NONE', #2222, .T. ) ;
#1367 = LINE ( 'NONE', #1300, #1335 ) ;
#1368 = PRODUCT_DEFINITION_FORMATION_WITH_SPECIFIED_SOURCE ( 'ANY', '', #1131, .NOT_KNOWN. ) ;
#1369 = CARTESIAN_POINT ( 'NONE',  ( 4.813490034987924400, 6.700000000000001100, 2.779069767441866300 ) ) ;
#1370 = FACE_OUTER_BOUND ( 'NONE', #1990, .T. ) ;
#1371 = ADVANCED_FACE ( 'NONE', ( #1001 ), #791, .F. ) ;
#1372 = MANIFOLD_SOLID_BREP ( 'Revolve1', #2648 ) ;
#1373 = TOROIDAL_SURFACE ( 'NONE', #365, 3.883720930232559300, 1.116279069767441000 ) ;
#1374 = CARTESIAN_POINT ( 'NONE',  ( 3.973964796557967200, 7.890013110079941300, 2.294369645042844600 ) ) ;
#1375 = AXIS2_PLACEMENT_3D ( 'NONE', #1816, #1356, #932 ) ;
#1376 = CARTESIAN_POINT ( 'NONE',  ( 0.2499999999999980600, 29.74999999999999600, 0.2500000000000000000 ) ) ;
#1377 = CARTESIAN_POINT ( 'NONE',  ( 6.803734824663956700E-017, 1.200000000000000000, 1.530289096122958700E-017 ) ) ;
#1378 = DIRECTION ( 'NONE',  ( -7.878561074514640800E-017, -1.000000000000000000, -0.0000000000000000000 ) ) ;
#1379 = CARTESIAN_POINT ( 'NONE',  ( 3.351316911389080400, 30.00000000000000000, 1.934883720930235000 ) ) ;
#1380 = ORIENTED_EDGE ( 'NONE', *, *, #1627, .F. ) ;
#1381 = ORIENTED_EDGE ( 'NONE', *, *, #299, .T. ) ;
#1382 = CARTESIAN_POINT ( 'NONE',  ( -0.2250000000000000100, 0.0000000000000000000, 0.0000000000000000000 ) ) ;
#1383 = EDGE_CURVE ( 'NONE', #1913, #1683, #312, .T. ) ;
#1384 = ORIENTED_EDGE ( 'NONE', *, *, #2256, .T. ) ;
#1385 = DIRECTION ( 'NONE',  ( 1.000000000000000000, -7.878561074514640800E-017, 0.0000000000000000000 ) ) ;
#1386 = PLANE ( 'NONE',  #424 ) ;
#1387 = AXIS2_PLACEMENT_3D ( 'NONE', #490, #930, #1160 ) ;
#1388 = ORIENTED_EDGE ( 'NONE', *, *, #519, .T. ) ;
#1389 = EDGE_LOOP ( 'NONE', ( #2044, #399, #2466, #918 ) ) ;
#1390 = ORIENTED_EDGE ( 'NONE', *, *, #382, .T. ) ;
#1391 = ADVANCED_FACE ( 'NONE', ( #2790 ), #348, .F. ) ;
#1392 = DIRECTION ( 'NONE',  ( 0.8660254037844380400, 0.0000000000000000000, 0.5000000000000010000 ) ) ;
#1393 = ORIENTED_EDGE ( 'NONE', *, *, #1505, .F. ) ;
#1394 = ORIENTED_EDGE ( 'NONE', *, *, #2841, .F. ) ;
#1395 = DIRECTION ( 'NONE',  ( -0.0000000000000000000, 0.0000000000000000000, 1.000000000000000000 ) ) ;
#1396 = DIRECTION ( 'NONE',  ( -7.878561074514640800E-017, -1.000000000000000000, -0.0000000000000000000 ) ) ;
#1397 = ORIENTED_EDGE ( 'NONE', *, *, #1908, .T. ) ;
#1398 = ORIENTED_EDGE ( 'NONE', *, *, #404, .F. ) ;
#1399 = AXIS2_PLACEMENT_3D ( 'NONE', #2125, #2387, #1065 ) ;
#1400 = CARTESIAN_POINT ( 'NONE',  ( 1.050826195520138800E-015, 29.69999999999999600, 0.0000000000000000000 ) ) ;
#1401 =( NAMED_UNIT ( * ) SI_UNIT ( $, .STERADIAN. ) SOLID_ANGLE_UNIT ( ) );
#1402 = CARTESIAN_POINT ( 'NONE',  ( -2.500000000000000000, 1.200000000000000000, 0.3000000000000001000 ) ) ;
#1403 = DIRECTION ( 'NONE',  ( 1.000000000000000000, -7.992118871464570300E-017, 0.0000000000000000000 ) ) ;
#1404 = AXIS2_PLACEMENT_3D ( 'NONE', #1267, #1253, #614 ) ;
#1405 =( NAMED_UNIT ( * ) PLANE_ANGLE_UNIT ( ) SI_UNIT ( $, .RADIAN. ) );
#1406 = EDGE_CURVE ( 'NONE', #883, #1806, #1942, .T. ) ;
#1407 = VECTOR ( 'NONE', #1861, 1000.000000000000000 ) ;
#1408 = CIRCLE ( 'NONE', #882, 1.850000000000000300 ) ;
#1409 = ADVANCED_FACE ( 'NONE', ( #2678 ), #590, .F. ) ;
#1410 = CARTESIAN_POINT ( 'NONE',  ( 4.813490034987924400, 6.700000000000001100, -2.779069767441866300 ) ) ;
#1411 = CIRCLE ( 'NONE', #817, 1.534883720930232800 ) ;
#1412 = DIRECTION ( 'NONE',  ( 1.000000000000000000, -7.992118871464570300E-017, 0.0000000000000000000 ) ) ;
#1413 = LINE ( 'NONE', #44, #2390 ) ;
#1414 = CIRCLE ( 'NONE', #457, 0.6000000000000003100 ) ;
#1415 = CARTESIAN_POINT ( 'NONE',  ( 3.869767441860461500, -3.048819913486593100E-016, 0.0000000000000000000 ) ) ;
#1416 = CARTESIAN_POINT ( 'NONE',  ( -0.2499999999999989700, 29.89999999999999500, 3.861683577674803300 ) ) ;
#1417 = CARTESIAN_POINT ( 'NONE',  ( 3.524521992145970700, 0.6999999999999998400, 2.034883720930237900 ) ) ;
#1418 = FACE_OUTER_BOUND ( 'NONE', #254, .T. ) ;
#1419 = DIRECTION ( 'NONE',  ( 1.000000000000000000, -7.744301232039315400E-017, 0.0000000000000000000 ) ) ;
#1420 = VECTOR ( 'NONE', #1961, 1000.000000000000000 ) ;
#1421 = CARTESIAN_POINT ( 'NONE',  ( 0.2250000000000000100, 0.1000000000000000100, 0.0000000000000000000 ) ) ;
#1422 = CARTESIAN_POINT ( 'NONE',  ( 2.500000000000000000, -14.00000000000000000, 0.3000000000000005400 ) ) ;
#1423 = DIRECTION ( 'NONE',  ( -0.0000000000000000000, 1.000000000000000000, -0.0000000000000000000 ) ) ;
#1424 = CARTESIAN_POINT ( 'NONE',  ( 3.363400986790726400, 8.755477190138080300, -1.941860465116283600 ) ) ;
#1425 = ORIENTED_EDGE ( 'NONE', *, *, #1559, .T. ) ;
#1426 = EDGE_CURVE ( 'NONE', #888, #2805, #2433, .T. ) ;
#1427 = EDGE_LOOP ( 'NONE', ( #2475, #1247, #2336, #260, #624, #2439 ) ) ;
#1428 = ADVANCED_FACE ( 'NONE', ( #2609 ), #2216, .F. ) ;
#1429 = DIRECTION ( 'NONE',  ( 0.0000000000000000000, 0.0000000000000000000, 1.000000000000000000 ) ) ;
#1430 = VERTEX_POINT ( 'NONE', #379 ) ;
#1431 = ORIENTED_EDGE ( 'NONE', *, *, #688, .T. ) ;
#1432 = EDGE_CURVE ( 'NONE', #494, #1135, #1166, .T. ) ;
#1433 = ORIENTED_EDGE ( 'NONE', *, *, #826, .T. ) ;
#1434 = AXIS2_PLACEMENT_3D ( 'NONE', #2327, #1669, #569 ) ;
#1435 = VERTEX_POINT ( 'NONE', #599 ) ;
#1436 = VERTEX_POINT ( 'NONE', #1257 ) ;
#1437 = AXIS2_PLACEMENT_3D ( 'NONE', #2727, #919, #1595 ) ;
#1438 = ORIENTED_EDGE ( 'NONE', *, *, #1261, .T. ) ;
#1439 = CARTESIAN_POINT ( 'NONE',  ( 0.2499999999999980600, 29.74999999999999600, 0.2500000000000000000 ) ) ;
#1440 = EDGE_LOOP ( 'NONE', ( #775, #1248, #130, #1288 ) ) ;
#1441 = DIRECTION ( 'NONE',  ( -7.878561074514640800E-017, -1.000000000000000000, -0.0000000000000000000 ) ) ;
#1442 = ADVANCED_FACE ( 'NONE', ( #38 ), #1709, .T. ) ;
#1443 = DIRECTION ( 'NONE',  ( -0.5000000000000008900, 3.939280537257327800E-017, -0.8660254037844381500 ) ) ;
#1444 = AXIS2_PLACEMENT_3D ( 'NONE', #922, #2499, #2246 ) ;
#1445 = DIRECTION ( 'NONE',  ( -0.0000000000000000000, -0.0000000000000000000, 1.000000000000000000 ) ) ;
#1446 = CIRCLE ( 'NONE', #1573, 0.3000000000000005400 ) ;
#1447 = CARTESIAN_POINT ( 'NONE',  ( -2.500000000000000000, -17.00000000000000000, 0.0000000000000000000 ) ) ;
#1448 = FACE_OUTER_BOUND ( 'NONE', #1427, .T. ) ;
#1449 = DIRECTION ( 'NONE',  ( -7.878561074514640800E-017, -1.000000000000000000, -0.0000000000000000000 ) ) ;
#1450 = EDGE_CURVE ( 'NONE', #495, #358, #107, .T. ) ;
#1451 = CARTESIAN_POINT ( 'NONE',  ( 3.637306695894641200, 29.19999999999999900, -2.100000000000003600 ) ) ;
#1452 = AXIS2_PLACEMENT_3D ( 'NONE', #2810, #1460, #2603 ) ;
#1453 = DIRECTION ( 'NONE',  ( -4.802536467244269600E-019, -1.000000000000000000, -0.0000000000000000000 ) ) ;
#1454 = CIRCLE ( 'NONE', #1507, 3.869767441860461500 ) ;
#1455 = DIRECTION ( 'NONE',  ( 0.8660254037844380400, -6.823034035796898300E-017, -0.5000000000000010000 ) ) ;
#1456 = LINE ( 'NONE', #224, #2492 ) ;
#1457 = ADVANCED_FACE ( 'NONE', ( #1620 ), #2833, .F. ) ;
#1458 = CARTESIAN_POINT ( 'NONE',  ( 5.000000000000000900, 29.19999999999999900, 0.0000000000000000000 ) ) ;
#1459 = VERTEX_POINT ( 'NONE', #1938 ) ;
#1460 = DIRECTION ( 'NONE',  ( 7.878561074514640800E-017, 1.000000000000000000, 0.0000000000000000000 ) ) ;
#1461 = VERTEX_POINT ( 'NONE', #1227 ) ;
#1462 = AXIS2_PLACEMENT_3D ( 'NONE', #467, #2002, #2185 ) ;
#1463 = PLANE ( 'NONE',  #179 ) ;
#1464 = DIRECTION ( 'NONE',  ( 0.0000000000000000000, 0.0000000000000000000, 1.000000000000000000 ) ) ;
#1465 = EDGE_CURVE ( 'NONE', #233, #2128, #2531, .T. ) ;
#1466 = ORIENTED_EDGE ( 'NONE', *, *, #848, .T. ) ;
#1467 = VERTEX_POINT ( 'NONE', #2571 ) ;
#1468 =( NAMED_UNIT ( * ) PLANE_ANGLE_UNIT ( ) SI_UNIT ( $, .RADIAN. ) );
#1469 = VERTEX_POINT ( 'NONE', #2812 ) ;
#1470 = CARTESIAN_POINT ( 'NONE',  ( -0.2250000000000000100, 0.1000000000000000100, 0.0000000000000000000 ) ) ;
#1471 = ORIENTED_EDGE ( 'NONE', *, *, #298, .T. ) ;
#1472 = CARTESIAN_POINT ( 'NONE',  ( 1.050850208202475000E-015, 29.74999999999999600, 0.0000000000000000000 ) ) ;
#1473 = DIRECTION ( 'NONE',  ( -0.8660254037844380400, 0.0000000000000000000, 0.5000000000000010000 ) ) ;
#1474 = ORIENTED_EDGE ( 'NONE', *, *, #2649, .T. ) ;
#1475 = DIRECTION ( 'NONE',  ( 0.8660254037844381500, 0.0000000000000000000, -0.5000000000000010000 ) ) ;
#1476 = EDGE_LOOP ( 'NONE', ( #2589, #1217, #1061, #703, #402, #1640, #783, #120 ) ) ;
#1477 = DIRECTION ( 'NONE',  ( 0.0000000000000000000, 0.0000000000000000000, 1.000000000000000000 ) ) ;
#1478 = DIRECTION ( 'NONE',  ( 1.000000000000000000, -7.992118871464570300E-017, 0.0000000000000000000 ) ) ;
#1479 = EDGE_CURVE ( 'NONE', #1666, #32, #557, .T. ) ;
#1480 = FACE_OUTER_BOUND ( 'NONE', #2221, .T. ) ;
#1481 = DIRECTION ( 'NONE',  ( -7.878561074514640800E-017, -1.000000000000000000, -0.0000000000000000000 ) ) ;
#1482 = VECTOR ( 'NONE', #2482, 1000.000000000000000 ) ;
#1483 = CARTESIAN_POINT ( 'NONE',  ( 4.330127018922193600, -17.00000000000000000, 2.500000000000005300 ) ) ;
#1484 = FACE_OUTER_BOUND ( 'NONE', #293, .T. ) ;
#1485 = AXIS2_PLACEMENT_3D ( 'NONE', #1439, #2501, #948 ) ;
#1486 = EDGE_CURVE ( 'NONE', #1917, #2116, #2248, .T. ) ;
#1487 = LINE ( 'NONE', #1306, #2431 ) ;
#1488 = LINE ( 'NONE', #2056, #2458 ) ;
#1489 = AXIS2_PLACEMENT_3D ( 'NONE', #2486, #1835, #54 ) ;
#1490 = PLANE ( 'NONE',  #378 ) ;
#1491 = DIRECTION ( 'NONE',  ( 1.000000000000000000, -7.878561074514640800E-017, 0.0000000000000000000 ) ) ;
#1492 = CARTESIAN_POINT ( 'NONE',  ( -0.2499999999999989700, 29.74999999999999600, 3.861683577674803300 ) ) ;
#1493 = ORIENTED_EDGE ( 'NONE', *, *, #2740, .F. ) ;
#1494 = SURFACE_SIDE_STYLE ('',( #1308 ) ) ;
#1495 = ORIENTED_EDGE ( 'NONE', *, *, #2548, .T. ) ;
#1496 = EDGE_LOOP ( 'NONE', ( #2618, #2416, #2573, #225, #2578, #944, #1784, #821 ) ) ;
#1497 = ORIENTED_EDGE ( 'NONE', *, *, #1812, .T. ) ;
#1498 = AXIS2_PLACEMENT_3D ( 'NONE', #2658, #1574, #2742 ) ;
#1499 = DIRECTION ( 'NONE',  ( -7.878561074514640800E-017, -1.000000000000000000, -0.0000000000000000000 ) ) ;
#1500 = VERTEX_POINT ( 'NONE', #1950 ) ;
#1501 = ORIENTED_EDGE ( 'NONE', *, *, #1140, .T. ) ;
#1502 = AXIS2_PLACEMENT_3D ( 'NONE', #2660, #884, #1314 ) ;
#1503 =( LENGTH_UNIT ( ) NAMED_UNIT ( * ) SI_UNIT ( .MILLI., .METRE. ) );
#1504 = PLANE ( 'NONE',  #2566 ) ;
#1505 = EDGE_CURVE ( 'NONE', #1430, #973, #1340, .T. ) ;
#1506 = VERTEX_POINT ( 'NONE', #438 ) ;
#1507 = AXIS2_PLACEMENT_3D ( 'NONE', #331, #1860, #543 ) ;
#1508 = VERTEX_POINT ( 'NONE', #2862 ) ;
#1509 = EDGE_LOOP ( 'NONE', ( #1883, #665, #1742, #1880 ) ) ;
#1510 = DIRECTION ( 'NONE',  ( -1.000000000000000000, 0.0000000000000000000, -0.0000000000000000000 ) ) ;
#1511 = CARTESIAN_POINT ( 'NONE',  ( 0.0000000000000000000, 0.0000000000000000000, 0.0000000000000000000 ) ) ;
#1512 = CARTESIAN_POINT ( 'NONE',  ( 0.2250000000000000100, 0.1000000000000000100, -2.238721733489895000 ) ) ;
#1513 = DIRECTION ( 'NONE',  ( 0.0000000000000000000, 0.0000000000000000000, 1.000000000000000000 ) ) ;
#1514 = DIRECTION ( 'NONE',  ( -7.878561074514640800E-017, -1.000000000000000000, -0.0000000000000000000 ) ) ;
#1515 = LINE ( 'NONE', #69, #1127 ) ;
#1516 = DIRECTION ( 'NONE',  ( 1.000000000000000000, -7.878561074514640800E-017, 0.0000000000000000000 ) ) ;
#1517 = CIRCLE ( 'NONE', #2225, 5.000000000000000900 ) ;
#1518 = CIRCLE ( 'NONE', #2682, 2.500000000000000000 ) ;
#1519 = CARTESIAN_POINT ( 'NONE',  ( 8.673617379884035500E-016, 8.755477190138080300, 0.0000000000000000000 ) ) ;
#1520 = CARTESIAN_POINT ( 'NONE',  ( -4.192552921550301900, 29.74999999999999600, 0.2500000000000000000 ) ) ;
#1521 = EDGE_CURVE ( 'NONE', #1094, #2119, #393, .T. ) ;
#1522 = PRESENTATION_STYLE_ASSIGNMENT (( #2621 ) ) ;
#1523 = CARTESIAN_POINT ( 'NONE',  ( 0.2499999999999980600, 29.74999999999999600, 0.2500000000000000000 ) ) ;
#1524 = DIRECTION ( 'NONE',  ( -6.485093107275285300E-017, -1.000000000000000000, -8.045191059927643600E-018 ) ) ;
#1525 = CIRCLE ( 'NONE', #1896, 4.199999999999999300 ) ;
#1526 = CYLINDRICAL_SURFACE ( 'NONE', #2123, 4.999999999999999100 ) ;
#1527 = AXIS2_PLACEMENT_3D ( 'NONE', #747, #2544, #1659 ) ;
#1528 = CIRCLE ( 'NONE', #2456, 3.869767441860462400 ) ;
#1529 = CARTESIAN_POINT ( 'NONE',  ( 4.813490034987924400, 6.700000000000000200, -2.779069767441865400 ) ) ;
#1530 = ORIENTED_EDGE ( 'NONE', *, *, #618, .T. ) ;
#1531 = DIRECTION ( 'NONE',  ( -7.878561074514640800E-017, -1.000000000000000000, -0.0000000000000000000 ) ) ;
#1532 = VERTEX_POINT ( 'NONE', #185 ) ;
#1533 = ORIENTED_EDGE ( 'NONE', *, *, #37, .T. ) ;
#1534 = DIRECTION ( 'NONE',  ( -7.878561074514640800E-017, -1.000000000000000000, -0.0000000000000000000 ) ) ;
#1535 = ORIENTED_EDGE ( 'NONE', *, *, #2373, .T. ) ;
#1536 = DIRECTION ( 'NONE',  ( 0.5000000000000008900, -3.939280537257327800E-017, 0.8660254037844381500 ) ) ;
#1537 = ORIENTED_EDGE ( 'NONE', *, *, #1768, .T. ) ;
#1538 = MECHANICAL_DESIGN_GEOMETRIC_PRESENTATION_REPRESENTATION (  '', ( #1886 ), #1188 ) ;
#1539 = VERTEX_POINT ( 'NONE', #1294 ) ;
#1540 = CARTESIAN_POINT ( 'NONE',  ( 5.514992752160250700E-017, 0.7000000000000001800, 0.0000000000000000000 ) ) ;
#1541 = DIRECTION ( 'NONE',  ( -7.878561074514640800E-017, -1.000000000000000000, -0.0000000000000000000 ) ) ;
#1542 = EDGE_LOOP ( 'NONE', ( #290, #1054, #1715, #942 ) ) ;
#1543 = EDGE_CURVE ( 'NONE', #2086, #2442, #724, .T. ) ;
#1544 = CARTESIAN_POINT ( 'NONE',  ( -2.427999999999999900, 0.0000000000000000000, 0.5956643350075610000 ) ) ;
#1545 = ORIENTED_EDGE ( 'NONE', *, *, #2503, .F. ) ;
#1546 = AXIS2_PLACEMENT_3D ( 'NONE', #765, #755, #1002 ) ;
#1547 = CARTESIAN_POINT ( 'NONE',  ( 3.524521992145971600, -2.776816177359204500E-016, -2.034883720930236600 ) ) ;
#1548 = DIRECTION ( 'NONE',  ( 1.000000000000000000, -7.878561074514640800E-017, 0.0000000000000000000 ) ) ;
#1549 = ORIENTED_EDGE ( 'NONE', *, *, #1030, .T. ) ;
#1550 = LINE ( 'NONE', #1200, #2454 ) ;
#1551 = FACE_OUTER_BOUND ( 'NONE', #1718, .T. ) ;
#1552 = LINE ( 'NONE', #1415, #385 ) ;
#1553 = DIRECTION ( 'NONE',  ( 0.8660254037844381500, 0.0000000000000000000, -0.5000000000000008900 ) ) ;
#1554 = VECTOR ( 'NONE', #1867, 1000.000000000000000 ) ;
#1555 = CARTESIAN_POINT ( 'NONE',  ( -0.2250000000000000100, 0.0000000000000000000, -1.836266592845387000 ) ) ;
#1556 = PLANE ( 'NONE',  #2358 ) ;
#1557 = EDGE_CURVE ( 'NONE', #731, #1506, #2071, .T. ) ;
#1558 = CIRCLE ( 'NONE', #1955, 2.250000000000000400 ) ;
#1559 = EDGE_CURVE ( 'NONE', #2262, #159, #1773, .T. ) ;
#1560 = FACE_OUTER_BOUND ( 'NONE', #81, .T. ) ;
#1561 = MANIFOLD_SOLID_BREP ( 'Pin - Negative', #222 ) ;
#1562 = ORIENTED_EDGE ( 'NONE', *, *, #397, .T. ) ;
#1563 = ORIENTED_EDGE ( 'NONE', *, *, #1465, .T. ) ;
#1564 = DIRECTION ( 'NONE',  ( -7.878561074514640800E-017, -1.000000000000000000, 0.0000000000000000000 ) ) ;
#1565 = VERTEX_POINT ( 'NONE', #921 ) ;
#1566 = ORIENTED_EDGE ( 'NONE', *, *, #582, .T. ) ;
#1567 = ORIENTED_EDGE ( 'NONE', *, *, #739, .T. ) ;
#1568 = VERTEX_POINT ( 'NONE', #1080 ) ;
#1569 = EDGE_CURVE ( 'NONE', #1459, #2502, #1048, .T. ) ;
#1570 = EDGE_CURVE ( 'NONE', #23, #1320, #2003, .T. ) ;
#1571 = CARTESIAN_POINT ( 'NONE',  ( 4.330127018922193600, 4.644522809861919100, 2.500000000000005300 ) ) ;
#1572 = ORIENTED_EDGE ( 'NONE', *, *, #1323, .F. ) ;
#1573 = AXIS2_PLACEMENT_3D ( 'NONE', #1971, #1756, #2428 ) ;
#1574 = DIRECTION ( 'NONE',  ( -7.878561074514640800E-017, -1.000000000000000000, -0.0000000000000000000 ) ) ;
#1575 = DIRECTION ( 'NONE',  ( -7.878561074514640800E-017, -1.000000000000000000, -0.0000000000000000000 ) ) ;
#1576 = VERTEX_POINT ( 'NONE', #1374 ) ;
#1577 = MECHANICAL_DESIGN_GEOMETRIC_PRESENTATION_REPRESENTATION (  '', ( #2788 ), #202 ) ;
#1578 = CIRCLE ( 'NONE', #2715, 5.000000000000000900 ) ;
#1579 = LINE ( 'NONE', #2452, #2703 ) ;
#1580 = CIRCLE ( 'NONE', #1375, 0.6000000000000003100 ) ;
#1581 = TOROIDAL_SURFACE ( 'NONE', #1527, 4.199999999999999300, 0.7999999999999994900 ) ;
#1582 = ADVANCED_FACE ( 'NONE', ( #2750 ), #489, .T. ) ;
#1583 = CIRCLE ( 'NONE', #2725, 1.534883720930233100 ) ;
#1584 = CARTESIAN_POINT ( 'NONE',  ( 0.0000000000000000000, 0.0000000000000000000, 0.0000000000000000000 ) ) ;
#1585 = AXIS2_PLACEMENT_3D ( 'NONE', #2022, #1575, #2045 ) ;
#1586 = CIRCLE ( 'NONE', #850, 4.199999999999999300 ) ;
#1587 = CARTESIAN_POINT ( 'NONE',  ( 4.200000000000001100, 0.6999999999999998400, 0.0000000000000000000 ) ) ;
#1588 = CIRCLE ( 'NONE', #1336, 3.869767441860462400 ) ;
#1589 = EDGE_LOOP ( 'NONE', ( #571, #2081, #1916, #2667 ) ) ;
#1590 = EDGE_CURVE ( 'NONE', #2021, #2729, #245, .T. ) ;
#1591 = DIRECTION ( 'NONE',  ( 4.802536467244269600E-019, 1.000000000000000000, 0.0000000000000000000 ) ) ;
#1592 = ORIENTED_EDGE ( 'NONE', *, *, #2804, .T. ) ;
#1593 = CARTESIAN_POINT ( 'NONE',  ( 2.363568322354392200E-015, 30.00000000000000000, 0.0000000000000000000 ) ) ;
#1594 = ORIENTED_EDGE ( 'NONE', *, *, #2139, .T. ) ;
#1595 = DIRECTION ( 'NONE',  ( 1.000000000000000000, -7.878561074514642100E-017, 0.0000000000000000000 ) ) ;
#1596 = ORIENTED_EDGE ( 'NONE', *, *, #1321, .T. ) ;
#1597 = ORIENTED_EDGE ( 'NONE', *, *, #2467, .T. ) ;
#1598 = DIRECTION ( 'NONE',  ( 0.0000000000000000000, 0.0000000000000000000, 1.000000000000000000 ) ) ;
#1599 = ORIENTED_EDGE ( 'NONE', *, *, #1823, .T. ) ;
#1600 = EDGE_LOOP ( 'NONE', ( #2165, #981, #1624, #13 ) ) ;
#1601 = CARTESIAN_POINT ( 'NONE',  ( 4.330127018922191000, 8.755477190138080300, 2.500000000000005300 ) ) ;
#1602 = DIRECTION ( 'NONE',  ( 0.0000000000000000000, 1.000000000000000000, 0.0000000000000000000 ) ) ;
#1603 = EDGE_CURVE ( 'NONE', #574, #71, #2363, .T. ) ;
#1604 = ORIENTED_EDGE ( 'NONE', *, *, #2415, .T. ) ;
#1605 = CARTESIAN_POINT ( 'NONE',  ( 5.000000000000000900, -3.939280537257321500E-016, 0.0000000000000000000 ) ) ;
#1606 = ORIENTED_EDGE ( 'NONE', *, *, #435, .F. ) ;
#1607 = EDGE_CURVE ( 'NONE', #1255, #1467, #1312, .T. ) ;
#1608 = ADVANCED_FACE ( 'NONE', ( #459 ), #525, .F. ) ;
#1609 = VECTOR ( 'NONE', #1876, 1000.000000000000000 ) ;
#1610 = VECTOR ( 'NONE', #2844, 1000.000000000000000 ) ;
#1611 = ORIENTED_EDGE ( 'NONE', *, *, #1952, .T. ) ;
#1612 = CARTESIAN_POINT ( 'NONE',  ( 0.0000000000000000000, 0.0000000000000000000, 0.0000000000000000000 ) ) ;
#1613 = DIRECTION ( 'NONE',  ( 0.0000000000000000000, 0.0000000000000000000, -1.000000000000000000 ) ) ;
#1614 = CIRCLE ( 'NONE', #2491, 1.534883720930232800 ) ;
#1615 = VECTOR ( 'NONE', #1445, 1000.000000000000000 ) ;
#1616 = DIRECTION ( 'NONE',  ( -1.055527038717743200E-017, -1.000000000000000000, -3.939280537257327800E-017 ) ) ;
#1617 = EDGE_CURVE ( 'NONE', #297, #2297, #1588, .T. ) ;
#1618 = DIRECTION ( 'NONE',  ( 4.802536467244269600E-019, 1.000000000000000000, 0.0000000000000000000 ) ) ;
#1619 = PLANE ( 'NONE',  #1833 ) ;
#1620 = FACE_OUTER_BOUND ( 'NONE', #2201, .T. ) ;
#1621 = DIRECTION ( 'NONE',  ( -7.878561074514640800E-017, -1.000000000000000000, -0.0000000000000000000 ) ) ;
#1622 = EDGE_CURVE ( 'NONE', #774, #2847, #147, .T. ) ;
#1623 = CARTESIAN_POINT ( 'NONE',  ( 0.0000000000000000000, 0.1000000000000000100, 0.0000000000000000000 ) ) ;
#1624 = ORIENTED_EDGE ( 'NONE', *, *, #239, .F. ) ;
#1625 = CARTESIAN_POINT ( 'NONE',  ( 4.330127018922191000, -1.593493469750237300E-016, 2.500000000000005800 ) ) ;
#1626 = AXIS2_PLACEMENT_3D ( 'NONE', #1837, #2267, #2057 ) ;
#1627 = EDGE_CURVE ( 'NONE', #154, #1264, #1110, .T. ) ;
#1628 = VERTEX_POINT ( 'NONE', #58 ) ;
#1629 = ORIENTED_EDGE ( 'NONE', *, *, #2269, .T. ) ;
#1630 = CARTESIAN_POINT ( 'NONE',  ( 2.339932639130848100E-015, 29.69999999999999600, 0.0000000000000000000 ) ) ;
#1631 = DIRECTION ( 'NONE',  ( -0.0000000000000000000, -1.000000000000000000, -0.0000000000000000000 ) ) ;
#1632 = CARTESIAN_POINT ( 'NONE',  ( 3.351316911389079100, -2.640355496643262800E-016, 1.934883720930233900 ) ) ;
#1633 = AXIS2_PLACEMENT_3D ( 'NONE', #1744, #1069, #212 ) ;
#1634 = ORIENTED_EDGE ( 'NONE', *, *, #1712, .T. ) ;
#1635 = FILL_AREA_STYLE ('',( #967 ) ) ;
#1636 = DIRECTION ( 'NONE',  ( 0.0000000000000000000, -0.0000000000000000000, 1.000000000000000000 ) ) ;
#1637 = VERTEX_POINT ( 'NONE', #2268 ) ;
#1638 = CARTESIAN_POINT ( 'NONE',  ( 0.0000000000000000000, 1.500000000000000400, 0.0000000000000000000 ) ) ;
#1639 = CARTESIAN_POINT ( 'NONE',  ( 3.524521992145971600, -2.776816177359204500E-016, 2.034883720930236600 ) ) ;
#1640 = ORIENTED_EDGE ( 'NONE', *, *, #658, .T. ) ;
#1641 = ADVANCED_FACE ( 'NONE', ( #663 ), #2511, .F. ) ;
#1642 = ORIENTED_EDGE ( 'NONE', *, *, #1750, .T. ) ;
#1643 = AXIS2_PLACEMENT_3D ( 'NONE', #2563, #1853, #2338 ) ;
#1644 = DIRECTION ( 'NONE',  ( 4.802536467244269600E-019, 1.000000000000000000, 0.0000000000000000000 ) ) ;
#1645 = DIRECTION ( 'NONE',  ( -7.878561074514640800E-017, -1.000000000000000000, -0.0000000000000000000 ) ) ;
#1646 = CARTESIAN_POINT ( 'NONE',  ( -2.500000000000000000, -17.00000000000000000, 0.0000000000000000000 ) ) ;
#1647 = EDGE_CURVE ( 'NONE', #2762, #1435, #2279, .T. ) ;
#1648 = DIRECTION ( 'NONE',  ( -7.878561074514640800E-017, -1.000000000000000000, -0.0000000000000000000 ) ) ;
#1649 = EDGE_CURVE ( 'NONE', #1291, #1741, #8, .T. ) ;
#1650 = DIRECTION ( 'NONE',  ( 1.000000000000000000, -7.878561074514640800E-017, 0.0000000000000000000 ) ) ;
#1651 = ORIENTED_EDGE ( 'NONE', *, *, #1800, .F. ) ;
#1652 = CYLINDRICAL_SURFACE ( 'NONE', #93, 0.3000000000000005400 ) ;
#1653 = CARTESIAN_POINT ( 'NONE',  ( 0.2499999999999980600, 29.74999999999999600, 0.2500000000000000000 ) ) ;
#1654 = VECTOR ( 'NONE', #2040, 1000.000000000000000 ) ;
#1655 = DIRECTION ( 'NONE',  ( -0.0000000000000000000, 1.000000000000000000, 0.0000000000000000000 ) ) ;
#1656 = FACE_OUTER_BOUND ( 'NONE', #1879, .T. ) ;
#1657 = FACE_OUTER_BOUND ( 'NONE', #644, .T. ) ;
#1658 = ADVANCED_FACE ( 'NONE', ( #968 ), #2251, .T. ) ;
#1659 = DIRECTION ( 'NONE',  ( 1.000000000000000000, -7.878561074514640800E-017, 0.0000000000000000000 ) ) ;
#1660 = VECTOR ( 'NONE', #1021, 1000.000000000000000 ) ;
#1661 = DIRECTION ( 'NONE',  ( 1.000000000000000000, 0.0000000000000000000, 0.0000000000000000000 ) ) ;
#1662 = VECTOR ( 'NONE', #1616, 1000.000000000000000 ) ;
#1663 = CARTESIAN_POINT ( 'NONE',  ( 0.2500000000000015000, 29.74999999999999600, 4.192552921550303700 ) ) ;
#1664 = CARTESIAN_POINT ( 'NONE',  ( 5.936688960052717200E-016, 29.69999999999999600, 1.028264690754452000E-015 ) ) ;
#1665 = DIRECTION ( 'NONE',  ( -1.000000000000000000, 4.802536467244269600E-019, 0.0000000000000000000 ) ) ;
#1666 = VERTEX_POINT ( 'NONE', #1807 ) ;
#1667 = EDGE_CURVE ( 'NONE', #358, #1741, #520, .T. ) ;
#1668 = DIRECTION ( 'NONE',  ( 0.8660254037844380400, 0.0000000000000000000, 0.5000000000000011100 ) ) ;
#1669 = DIRECTION ( 'NONE',  ( 0.0000000000000000000, -1.000000000000000000, 0.0000000000000000000 ) ) ;
#1670 = VERTEX_POINT ( 'NONE', #1822 ) ;
#1671 = DIRECTION ( 'NONE',  ( 1.000000000000000000, 0.0000000000000000000, 0.0000000000000000000 ) ) ;
#1672 = ORIENTED_EDGE ( 'NONE', *, *, #2527, .F. ) ;
#1673 = ORIENTED_EDGE ( 'NONE', *, *, #1607, .T. ) ;
#1674 = AXIS2_PLACEMENT_3D ( 'NONE', #2606, #1057, #864 ) ;
#1675 = ADVANCED_FACE ( 'NONE', ( #2276 ), #1386, .T. ) ;
#1676 = ORIENTED_EDGE ( 'NONE', *, *, #2804, .F. ) ;
#1677 = VERTEX_POINT ( 'NONE', #937 ) ;
#1678 = DIRECTION ( 'NONE',  ( -7.878561074514640800E-017, -1.000000000000000000, -0.0000000000000000000 ) ) ;
#1679 = AXIS2_PLACEMENT_3D ( 'NONE', #839, #1531, #416 ) ;
#1680 = ORIENTED_EDGE ( 'NONE', *, *, #447, .F. ) ;
#1681 = DIRECTION ( 'NONE',  ( -7.878561074514640800E-017, -1.000000000000000000, -0.0000000000000000000 ) ) ;
#1682 = DIRECTION ( 'NONE',  ( -7.878561074514640800E-017, -1.000000000000000000, -0.0000000000000000000 ) ) ;
#1683 = VERTEX_POINT ( 'NONE', #1202 ) ;
#1684 = ORIENTED_EDGE ( 'NONE', *, *, #89, .T. ) ;
#1685 = DIRECTION ( 'NONE',  ( 4.802536467244269600E-019, 1.000000000000000000, 0.0000000000000000000 ) ) ;
#1686 = EDGE_CURVE ( 'NONE', #2124, #1913, #523, .T. ) ;
#1687 = DIRECTION ( 'NONE',  ( 0.0000000000000000000, 1.000000000000000000, 0.0000000000000000000 ) ) ;
#1688 = CARTESIAN_POINT ( 'NONE',  ( 8.673617379884035500E-016, 6.700000000000001100, 0.0000000000000000000 ) ) ;
#1689 = ADVANCED_FACE ( 'NONE', ( #1560 ), #1373, .T. ) ;
#1690 = FACE_OUTER_BOUND ( 'NONE', #2574, .T. ) ;
#1691 = VECTOR ( 'NONE', #186, 1000.000000000000000 ) ;
#1692 = EDGE_CURVE ( 'NONE', #1539, #908, #456, .T. ) ;
#1693 = CARTESIAN_POINT ( 'NONE',  ( 8.673617379884035500E-016, 6.700000000000000200, 0.0000000000000000000 ) ) ;
#1694 = DIRECTION ( 'NONE',  ( -0.0000000000000000000, 1.000000000000000000, 0.0000000000000000000 ) ) ;
#1695 = CYLINDRICAL_SURFACE ( 'NONE', #2476, 5.000000000000000900 ) ;
#1696 = DIRECTION ( 'NONE',  ( -0.0000000000000000000, 1.000000000000000000, 0.0000000000000000000 ) ) ;
#1697 = VECTOR ( 'NONE', #305, 1000.000000000000000 ) ;
#1698 = DIRECTION ( 'NONE',  ( 1.000000000000000000, -7.878561074514640800E-017, 0.0000000000000000000 ) ) ;
#1699 = VECTOR ( 'NONE', #1025, 1000.000000000000000 ) ;
#1700 = CARTESIAN_POINT ( 'NONE',  ( 4.330127018922193600, -17.00000000000000000, -2.500000000000005300 ) ) ;
#1701 = VECTOR ( 'NONE', #2799, 1000.000000000000000 ) ;
#1702 = ADVANCED_FACE ( 'NONE', ( #2528 ), #2711, .T. ) ;
#1703 = ORIENTED_EDGE ( 'NONE', *, *, #84, .F. ) ;
#1704 = ORIENTED_EDGE ( 'NONE', *, *, #2379, .F. ) ;
#1705 = CARTESIAN_POINT ( 'NONE',  ( 7.388689271024216300E-018, 0.7000000000000001800, 2.757496376080129000E-017 ) ) ;
#1706 = DIRECTION ( 'NONE',  ( -0.0000000000000000000, 1.000000000000000000, -0.0000000000000000000 ) ) ;
#1707 = ORIENTED_EDGE ( 'NONE', *, *, #2649, .F. ) ;
#1708 = AXIS2_PLACEMENT_3D ( 'NONE', #355, #575, #2579 ) ;
#1709 = PLANE ( 'NONE',  #1000 ) ;
#1710 = DIRECTION ( 'NONE',  ( 1.000000000000000000, 0.0000000000000000000, 0.0000000000000000000 ) ) ;
#1711 = PLANE ( 'NONE',  #985 ) ;
#1712 = EDGE_CURVE ( 'NONE', #2408, #2688, #1528, .T. ) ;
#1713 = ORIENTED_EDGE ( 'NONE', *, *, #1725, .T. ) ;
#1714 = ORIENTED_EDGE ( 'NONE', *, *, #2717, .F. ) ;
#1715 = ORIENTED_EDGE ( 'NONE', *, *, #1360, .F. ) ;
#1716 = DIRECTION ( 'NONE',  ( 0.0000000000000000000, -0.0000000000000000000, 1.000000000000000000 ) ) ;
#1717 = PLANE ( 'NONE',  #2244 ) ;
#1718 = EDGE_LOOP ( 'NONE', ( #640, #1956, #2083, #1757 ) ) ;
#1719 = CARTESIAN_POINT ( 'NONE',  ( -2.500000000000000000, 1.200000000000000000, -0.3000000000000001000 ) ) ;
#1720 =( NAMED_UNIT ( * ) SI_UNIT ( $, .STERADIAN. ) SOLID_ANGLE_UNIT ( ) );
#1721 = CARTESIAN_POINT ( 'NONE',  ( 0.0000000000000000000, 0.9500000000000002900, 2.500000000000000000 ) ) ;
#1722 = EDGE_CURVE ( 'NONE', #23, #2128, #6, .T. ) ;
#1723 = FACE_OUTER_BOUND ( 'NONE', #2479, .T. ) ;
#1724 = CYLINDRICAL_SURFACE ( 'NONE', #2419, 4.999999999999999100 ) ;
#1725 = EDGE_CURVE ( 'NONE', #2622, #2038, #1276, .T. ) ;
#1726 = VECTOR ( 'NONE', #2054, 1000.000000000000000 ) ;
#1727 = DIRECTION ( 'NONE',  ( 0.0000000000000000000, -1.000000000000000000, 0.0000000000000000000 ) ) ;
#1728 = VECTOR ( 'NONE', #1137, 1000.000000000000000 ) ;
#1729 = FACE_OUTER_BOUND ( 'NONE', #2156, .T. ) ;
#1730 = DIRECTION ( 'NONE',  ( -4.802536467244269600E-019, -1.000000000000000000, -0.0000000000000000000 ) ) ;
#1731 = AXIS2_PLACEMENT_3D ( 'NONE', #1612, #2767, #1429 ) ;
#1732 = VECTOR ( 'NONE', #1685, 1000.000000000000000 ) ;
#1733 = DIRECTION ( 'NONE',  ( -7.878561074514640800E-017, -1.000000000000000000, -0.0000000000000000000 ) ) ;
#1734 = AXIS2_PLACEMENT_3D ( 'NONE', #2249, #2736, #1395 ) ;
#1735 = CARTESIAN_POINT ( 'NONE',  ( -3.861683577674802400, 29.89999999999999500, 0.2500000000000000000 ) ) ;
#1736 = DIRECTION ( 'NONE',  ( 1.000000000000000000, -7.878561074514640800E-017, 0.0000000000000000000 ) ) ;
#1737 = DIRECTION ( 'NONE',  ( 1.000000000000000000, 0.0000000000000000000, 0.0000000000000000000 ) ) ;
#1738 = DIRECTION ( 'NONE',  ( 0.0000000000000000000, 0.0000000000000000000, -1.000000000000000000 ) ) ;
#1739 = VERTEX_POINT ( 'NONE', #777 ) ;
#1740 = CARTESIAN_POINT ( 'NONE',  ( 2.500000000000000000, 0.9500000000000002900, -9.184850993605148400E-017 ) ) ;
#1741 = VERTEX_POINT ( 'NONE', #1014 ) ;
#1742 = ORIENTED_EDGE ( 'NONE', *, *, #2362, .T. ) ;
#1743 = AXIS2_PLACEMENT_3D ( 'NONE', #2542, #2102, #2530 ) ;
#1744 = CARTESIAN_POINT ( 'NONE',  ( 0.0000000000000000000, 0.1000000000000000100, 0.0000000000000000000 ) ) ;
#1745 = EDGE_LOOP ( 'NONE', ( #1150, #1672, #434, #2094 ) ) ;
#1746 = CARTESIAN_POINT ( 'NONE',  ( 4.336808689942017700E-016, 4.644522809861920900, 0.0000000000000000000 ) ) ;
#1747 = VERTEX_POINT ( 'NONE', #1209 ) ;
#1748 = ORIENTED_EDGE ( 'NONE', *, *, #963, .F. ) ;
#1749 = DIRECTION ( 'NONE',  ( 1.000000000000000000, -7.878561074514640800E-017, 0.0000000000000000000 ) ) ;
#1750 = EDGE_CURVE ( 'NONE', #2697, #21, #1939, .T. ) ;
#1751 = ORIENTED_EDGE ( 'NONE', *, *, #135, .T. ) ;
#1752 = DIRECTION ( 'NONE',  ( 1.000000000000000000, -8.673617379884034200E-017, 0.0000000000000000000 ) ) ;
#1753 = AXIS2_PLACEMENT_3D ( 'NONE', #1999, #2217, #77 ) ;
#1754 = ORIENTED_EDGE ( 'NONE', *, *, #25, .F. ) ;
#1755 = FILL_AREA_STYLE_COLOUR ( '', #2529 ) ;
#1756 = DIRECTION ( 'NONE',  ( 0.0000000000000000000, 1.000000000000000000, 0.0000000000000000000 ) ) ;
#1757 = ORIENTED_EDGE ( 'NONE', *, *, #2451, .T. ) ;
#1758 = DIRECTION ( 'NONE',  ( -0.0000000000000000000, -1.000000000000000000, -0.0000000000000000000 ) ) ;
#1759 = DIRECTION ( 'NONE',  ( 0.8660254037844379300, 0.0000000000000000000, 0.5000000000000013300 ) ) ;
#1760 = ORIENTED_EDGE ( 'NONE', *, *, #582, .F. ) ;
#1761 = VECTOR ( 'NONE', #532, 1000.000000000000000 ) ;
#1762 = VERTEX_POINT ( 'NONE', #2786 ) ;
#1763 = CYLINDRICAL_SURFACE ( 'NONE', #2720, 0.3000000000000005400 ) ;
#1764 = CARTESIAN_POINT ( 'NONE',  ( 0.2499999999999980600, 29.89999999999999500, 0.2500000000000000000 ) ) ;
#1765 = PLANE ( 'NONE',  #2547 ) ;
#1766 = AXIS2_PLACEMENT_3D ( 'NONE', #2554, #1841, #1851 ) ;
#1767 = DIRECTION ( 'NONE',  ( 0.0000000000000000000, -1.000000000000000000, 0.0000000000000000000 ) ) ;
#1768 = EDGE_CURVE ( 'NONE', #1508, #1576, #761, .T. ) ;
#1769 = FACE_BOUND ( 'NONE', #2158, .T. ) ;
#1770 = CARTESIAN_POINT ( 'NONE',  ( 3.524521992145971600, 1.199999999999999500, 2.034883720930236600 ) ) ;
#1771 = FACE_OUTER_BOUND ( 'NONE', #892, .T. ) ;
#1772 = CARTESIAN_POINT ( 'NONE',  ( 0.2250000000000000100, 0.0000000000000000000, -2.489854413414567300 ) ) ;
#1773 = LINE ( 'NONE', #2409, #763 ) ;
#1774 = DIRECTION ( 'NONE',  ( 1.000000000000000000, 0.0000000000000000000, 0.0000000000000000000 ) ) ;
#1775 = DIRECTION ( 'NONE',  ( 0.0000000000000000000, 1.000000000000000000, 0.0000000000000000000 ) ) ;
#1776 = ORIENTED_EDGE ( 'NONE', *, *, #2438, .F. ) ;
#1777 = ORIENTED_EDGE ( 'NONE', *, *, #2467, .F. ) ;
#1778 = CARTESIAN_POINT ( 'NONE',  ( 0.2499999999999980600, 29.89999999999999500, 0.2500000000000000000 ) ) ;
#1779 = ORIENTED_EDGE ( 'NONE', *, *, #1114, .F. ) ;
#1780 = EDGE_CURVE ( 'NONE', #2230, #1284, #66, .T. ) ;
#1781 = CARTESIAN_POINT ( 'NONE',  ( 3.973964796557969000, 5.509986889920058100, -2.294369645042845000 ) ) ;
#1782 = ORIENTED_EDGE ( 'NONE', *, *, #2825, .T. ) ;
#1783 = CARTESIAN_POINT ( 'NONE',  ( 1.201015694680029800E-032, 29.69999999999999600, 0.0000000000000000000 ) ) ;
#1784 = ORIENTED_EDGE ( 'NONE', *, *, #2072, .F. ) ;
#1785 = MECHANICAL_DESIGN_GEOMETRIC_PRESENTATION_REPRESENTATION (  '', ( #787 ), #738 ) ;
#1786 = EDGE_CURVE ( 'NONE', #1741, #2136, #310, .T. ) ;
#1787 = DIRECTION ( 'NONE',  ( -0.0000000000000000000, -1.000000000000000000, -0.0000000000000000000 ) ) ;
#1788 = ORIENTED_EDGE ( 'NONE', *, *, #963, .T. ) ;
#1789 = AXIS2_PLACEMENT_3D ( 'NONE', #1891, #1477, #146 ) ;
#1790 = CARTESIAN_POINT ( 'NONE',  ( 3.524521992145970700, 4.295749576176866700E-017, -2.034883720930237900 ) ) ;
#1791 = VECTOR ( 'NONE', #2188, 1000.000000000000000 ) ;
#1792 = CIRCLE ( 'NONE', #1731, 2.500000000000000000 ) ;
#1793 = AXIS2_PLACEMENT_3D ( 'NONE', #1866, #2303, #1668 ) ;
#1794 = CIRCLE ( 'NONE', #2539, 3.869767441860462000 ) ;
#1795 = FACE_OUTER_BOUND ( 'NONE', #1600, .T. ) ;
#1796 = FACE_OUTER_BOUND ( 'NONE', #373, .T. ) ;
#1797 = AXIS2_PLACEMENT_3D ( 'NONE', #625, #2199, #2435 ) ;
#1798 = CARTESIAN_POINT ( 'NONE',  ( 5.558139534883721900, 6.699999999999999300, 0.0000000000000000000 ) ) ;
#1799 = LINE ( 'NONE', #131, #1967 ) ;
#1800 = EDGE_CURVE ( 'NONE', #729, #1677, #1337, .T. ) ;
#1801 = AXIS2_PLACEMENT_3D ( 'NONE', #2411, #216, #1752 ) ;
#1802 = ORIENTED_EDGE ( 'NONE', *, *, #229, .T. ) ;
#1803 = SURFACE_SIDE_STYLE ('',( #343 ) ) ;
#1804 = ADVANCED_FACE ( 'NONE', ( #876 ), #2796, .F. ) ;
#1805 = ORIENTED_EDGE ( 'NONE', *, *, #1722, .T. ) ;
#1806 = VERTEX_POINT ( 'NONE', #83 ) ;
#1807 = CARTESIAN_POINT ( 'NONE',  ( 3.524521992145970700, 1.199999999999999500, -2.034883720930237900 ) ) ;
#1808 = ORIENTED_EDGE ( 'NONE', *, *, #262, .T. ) ;
#1809 = ORIENTED_EDGE ( 'NONE', *, *, #673, .T. ) ;
#1810 = CARTESIAN_POINT ( 'NONE',  ( -2.427999999999999900, 0.9500000000000002900, -0.5956643350075612200 ) ) ;
#1811 = EDGE_LOOP ( 'NONE', ( #1703, #2723, #1353, #2250 ) ) ;
#1812 = EDGE_CURVE ( 'NONE', #2659, #1836, #2495, .T. ) ;
#1813 = ORIENTED_EDGE ( 'NONE', *, *, #84, .T. ) ;
#1814 = ADVANCED_FACE ( 'NONE', ( #145 ), #1717, .F. ) ;
#1815 = VERTEX_POINT ( 'NONE', #565 ) ;
#1816 = CARTESIAN_POINT ( 'NONE',  ( 2.500000000000000000, 0.0000000000000000000, -9.184850993605148400E-017 ) ) ;
#1817 = AXIS2_PLACEMENT_3D ( 'NONE', #2672, #250, #1332 ) ;
#1818 = DIRECTION ( 'NONE',  ( 0.0000000000000000000, 0.0000000000000000000, -1.000000000000000000 ) ) ;
#1819 = CIRCLE ( 'NONE', #1626, 1.850000000000000300 ) ;
#1820 = VECTOR ( 'NONE', #608, 1000.000000000000000 ) ;
#1821 = CYLINDRICAL_SURFACE ( 'NONE', #1434, 2.250000000000000400 ) ;
#1822 = CARTESIAN_POINT ( 'NONE',  ( 3.973964796557967200, 7.890013110079941300, -2.294369645042844600 ) ) ;
#1823 = EDGE_CURVE ( 'NONE', #2230, #891, #595, .T. ) ;
#1824 = VECTOR ( 'NONE', #2131, 1000.000000000000000 ) ;
#1825 = VECTOR ( 'NONE', #1848, 1000.000000000000000 ) ;
#1826 = DIRECTION ( 'NONE',  ( -0.5000000000000010000, 3.939280537257328400E-017, 0.8660254037844380400 ) ) ;
#1827 = LINE ( 'NONE', #1402, #803 ) ;
#1828 = CARTESIAN_POINT ( 'NONE',  ( 0.2499999999999980600, 29.74999999999999600, -0.2500000000000000000 ) ) ;
#1829 = VECTOR ( 'NONE', #1455, 1000.000000000000000 ) ;
#1830 = EDGE_CURVE ( 'NONE', #920, #1461, #1165, .T. ) ;
#1831 = CARTESIAN_POINT ( 'NONE',  ( -0.2500000000000028900, 29.74999999999999600, 0.2500000000000000000 ) ) ;
#1832 = ORIENTED_EDGE ( 'NONE', *, *, #1450, .F. ) ;
#1833 = AXIS2_PLACEMENT_3D ( 'NONE', #1377, #2789, #102 ) ;
#1834 = ORIENTED_EDGE ( 'NONE', *, *, #2432, .F. ) ;
#1835 = DIRECTION ( 'NONE',  ( -7.878561074514640800E-017, -1.000000000000000000, -0.0000000000000000000 ) ) ;
#1836 = VERTEX_POINT ( 'NONE', #2172 ) ;
#1837 = CARTESIAN_POINT ( 'NONE',  ( 0.0000000000000000000, 0.0000000000000000000, 0.0000000000000000000 ) ) ;
#1838 = ADVANCED_FACE ( 'NONE', ( #1771 ), #1274, .F. ) ;
#1839 = DIRECTION ( 'NONE',  ( -7.878561074514640800E-017, -1.000000000000000000, -0.0000000000000000000 ) ) ;
#1840 = ORIENTED_EDGE ( 'NONE', *, *, #541, .T. ) ;
#1841 = DIRECTION ( 'NONE',  ( -7.878561074514640800E-017, -1.000000000000000000, -0.0000000000000000000 ) ) ;
#1842 = PRESENTATION_LAYER_ASSIGNMENT (  '', '', ( #1886 ) ) ;
#1843 = CARTESIAN_POINT ( 'NONE',  ( 0.2499999999999980600, 29.74999999999999600, -0.2500000000000000000 ) ) ;
#1844 = ORIENTED_EDGE ( 'NONE', *, *, #682, .T. ) ;
#1845 = CARTESIAN_POINT ( 'NONE',  ( 0.2499999999999980600, 29.74999999999999600, -0.2500000000000000000 ) ) ;
#1846 = AXIS2_PLACEMENT_3D ( 'NONE', #585, #2830, #798 ) ;
#1847 = ORIENTED_EDGE ( 'NONE', *, *, #1712, .F. ) ;
#1848 = DIRECTION ( 'NONE',  ( -0.0000000000000000000, 1.000000000000000000, -0.0000000000000000000 ) ) ;
#1849 = EDGE_CURVE ( 'NONE', #2716, #851, #353, .T. ) ;
#1850 = CARTESIAN_POINT ( 'NONE',  ( 0.2250000000000000100, 0.0000000000000000000, 2.238721733489895000 ) ) ;
#1851 = DIRECTION ( 'NONE',  ( 1.000000000000000000, -7.878561074514640800E-017, 0.0000000000000000000 ) ) ;
#1852 = FACE_OUTER_BOUND ( 'NONE', #2331, .T. ) ;
#1853 = DIRECTION ( 'NONE',  ( 0.0000000000000000000, 1.000000000000000000, -0.0000000000000000000 ) ) ;
#1854 = FACE_OUTER_BOUND ( 'NONE', #1350, .T. ) ;
#1855 = DIRECTION ( 'NONE',  ( 0.0000000000000000000, 0.0000000000000000000, -1.000000000000000000 ) ) ;
#1856 = CIRCLE ( 'NONE', #939, 3.869767441860462400 ) ;
#1857 = CARTESIAN_POINT ( 'NONE',  ( 4.330127018922193600, 8.755477190138080300, -2.500000000000005300 ) ) ;
#1858 = CIRCLE ( 'NONE', #1502, 1.534883720930232800 ) ;
#1859 = LINE ( 'NONE', #1895, #2313 ) ;
#1860 = DIRECTION ( 'NONE',  ( -7.878561074514640800E-017, -1.000000000000000000, -0.0000000000000000000 ) ) ;
#1861 = DIRECTION ( 'NONE',  ( 0.0000000000000000000, 0.0000000000000000000, 1.000000000000000000 ) ) ;
#1862 = CIRCLE ( 'NONE', #1801, 5.000000000000000900 ) ;
#1863 = CARTESIAN_POINT ( 'NONE',  ( 1.050922246249483600E-015, 29.89999999999999500, 0.0000000000000000000 ) ) ;
#1864 = CIRCLE ( 'NONE', #2686, 4.069767441860467900 ) ;
#1865 = EDGE_CURVE ( 'NONE', #2160, #1255, #2645, .T. ) ;
#1866 = CARTESIAN_POINT ( 'NONE',  ( 3.363400986790726000, 8.755477190138080300, 1.941860465116283200 ) ) ;
#1867 = DIRECTION ( 'NONE',  ( 0.0000000000000000000, -1.000000000000000000, 0.0000000000000000000 ) ) ;
#1868 = DIRECTION ( 'NONE',  ( 0.0000000000000000000, 0.0000000000000000000, 1.000000000000000000 ) ) ;
#1869 = EDGE_CURVE ( 'NONE', #2193, #261, #277, .T. ) ;
#1870 = EDGE_LOOP ( 'NONE', ( #2653, #284, #464, #566 ) ) ;
#1871 = AXIS2_PLACEMENT_3D ( 'NONE', #2189, #2632, #1736 ) ;
#1872 = ADVANCED_FACE ( 'NONE', ( #1418 ), #662, .T. ) ;
#1873 = VERTEX_POINT ( 'NONE', #2135 ) ;
#1874 = VERTEX_POINT ( 'NONE', #2356 ) ;
#1875 = CARTESIAN_POINT ( 'NONE',  ( 8.673617379884035500E-016, 6.700000000000001100, 0.0000000000000000000 ) ) ;
#1876 = DIRECTION ( 'NONE',  ( 0.8660254037844381500, 1.055527038717743200E-017, -0.5000000000000008900 ) ) ;
#1877 = AXIS2_PLACEMENT_3D ( 'NONE', #2559, #2141, #1223 ) ;
#1878 = EDGE_LOOP ( 'NONE', ( #600, #448, #45, #2514 ) ) ;
#1879 = EDGE_LOOP ( 'NONE', ( #2768, #2798, #1098, #1974 ) ) ;
#1880 = ORIENTED_EDGE ( 'NONE', *, *, #2825, .F. ) ;
#1881 = DIRECTION ( 'NONE',  ( -7.878561074514640800E-017, -1.000000000000000000, -0.0000000000000000000 ) ) ;
#1882 = DIRECTION ( 'NONE',  ( 0.0000000000000000000, 0.0000000000000000000, -1.000000000000000000 ) ) ;
#1883 = ORIENTED_EDGE ( 'NONE', *, *, #541, .F. ) ;
#1884 = PLANE ( 'NONE',  #1877 ) ;
#1885 = ORIENTED_EDGE ( 'NONE', *, *, #1170, .T. ) ;
#1886 = STYLED_ITEM ( 'NONE', ( #1123 ), #1372 ) ;
#1887 = DIRECTION ( 'NONE',  ( 0.5000000000000008900, -3.939280537257327800E-017, 0.8660254037844381500 ) ) ;
#1888 = ORIENTED_EDGE ( 'NONE', *, *, #2668, .F. ) ;
#1889 = ORIENTED_EDGE ( 'NONE', *, *, #760, .F. ) ;
#1890 = CARTESIAN_POINT ( 'NONE',  ( 0.0000000000000000000, 0.1000000000000000100, 0.0000000000000000000 ) ) ;
#1891 = CARTESIAN_POINT ( 'NONE',  ( 0.0000000000000000000, 0.0000000000000000000, 0.0000000000000000000 ) ) ;
#1892 = EDGE_CURVE ( 'NONE', #1670, #1747, #2215, .T. ) ;
#1893 = CARTESIAN_POINT ( 'NONE',  ( 1.050922246249483600E-015, 29.89999999999999500, 0.0000000000000000000 ) ) ;
#1894 = LINE ( 'NONE', #2205, #340 ) ;
#1895 = CARTESIAN_POINT ( 'NONE',  ( 0.2250000000000000100, 0.1000000000000000100, -1.836266592845385600 ) ) ;
#1896 = AXIS2_PLACEMENT_3D ( 'NONE', #580, #2137, #1710 ) ;
#1897 = ORIENTED_EDGE ( 'NONE', *, *, #1603, .F. ) ;
#1898 = DIRECTION ( 'NONE',  ( 1.000000000000000000, 0.0000000000000000000, 0.0000000000000000000 ) ) ;
#1899 = LINE ( 'NONE', #1700, #1305 ) ;
#1900 = CARTESIAN_POINT ( 'NONE',  ( 0.2500000000000012800, 29.89999999999999500, 3.861683577674802900 ) ) ;
#1901 = DIRECTION ( 'NONE',  ( -7.878561074514640800E-017, -1.000000000000000000, -0.0000000000000000000 ) ) ;
#1902 = FACE_OUTER_BOUND ( 'NONE', #2053, .T. ) ;
#1903 = SURFACE_STYLE_USAGE ( .BOTH. , #1494 ) ;
#1904 = TOROIDAL_SURFACE ( 'NONE', #2867, 5.558139534883721000, 1.534883720930233100 ) ;
#1905 = ADVANCED_FACE ( 'NONE', ( #2462 ), #2605, .T. ) ;
#1906 = DIRECTION ( 'NONE',  ( 0.0000000000000000000, 0.0000000000000000000, 1.000000000000000000 ) ) ;
#1907 = DIRECTION ( 'NONE',  ( 1.000000000000000000, -7.878561074514640800E-017, 0.0000000000000000000 ) ) ;
#1908 = EDGE_CURVE ( 'NONE', #888, #731, #1108, .T. ) ;
#1909 = DIRECTION ( 'NONE',  ( 0.0000000000000000000, -0.0000000000000000000, 1.000000000000000000 ) ) ;
#1910 = DIRECTION ( 'NONE',  ( 0.0000000000000000000, 1.000000000000000000, -0.0000000000000000000 ) ) ;
#1911 = EDGE_LOOP ( 'NONE', ( #1095, #50 ) ) ;
#1912 = EDGE_CURVE ( 'NONE', #228, #2119, #2150, .T. ) ;
#1913 = VERTEX_POINT ( 'NONE', #1317 ) ;
#1914 = DIRECTION ( 'NONE',  ( -0.8660254037844381500, 0.0000000000000000000, 0.5000000000000010000 ) ) ;
#1915 = ORIENTED_EDGE ( 'NONE', *, *, #1830, .T. ) ;
#1916 = ORIENTED_EDGE ( 'NONE', *, *, #382, .F. ) ;
#1917 = VERTEX_POINT ( 'NONE', #106 ) ;
#1918 = DIRECTION ( 'NONE',  ( -7.878561074514640800E-017, -1.000000000000000000, -0.0000000000000000000 ) ) ;
#1919 = CARTESIAN_POINT ( 'NONE',  ( 0.2250000000000000100, -5.445246459068680000, 2.489854413414567300 ) ) ;
#1920 = ORIENTED_EDGE ( 'NONE', *, *, #577, .T. ) ;
#1921 = DIRECTION ( 'NONE',  ( 4.802536467244269600E-019, 1.000000000000000000, 0.0000000000000000000 ) ) ;
#1922 = ADVANCED_FACE ( 'NONE', ( #2827 ), #2732, .T. ) ;
#1923 = CARTESIAN_POINT ( 'NONE',  ( 0.0000000000000000000, 0.0000000000000000000, 0.0000000000000000000 ) ) ;
#1924 = ORIENTED_EDGE ( 'NONE', *, *, #1261, .F. ) ;
#1925 = ORIENTED_EDGE ( 'NONE', *, *, #1722, .F. ) ;
#1926 = CARTESIAN_POINT ( 'NONE',  ( 3.363400986790728200, 4.644522809861920900, -1.941860465116284300 ) ) ;
#1927 = EDGE_CURVE ( 'NONE', #2837, #574, #1045, .T. ) ;
#1928 = CARTESIAN_POINT ( 'NONE',  ( 2.168404344971008900E-015, 29.19999999999999900, 0.0000000000000000000 ) ) ;
#1929 = CARTESIAN_POINT ( 'NONE',  ( 3.524521992145971600, -2.776816177359204500E-016, 2.034883720930236600 ) ) ;
#1930 = CIRCLE ( 'NONE', #1797, 0.7999999999999999300 ) ;
#1931 = AXIS2_PLACEMENT_3D ( 'NONE', #417, #1301, #1104 ) ;
#1932 = FACE_OUTER_BOUND ( 'NONE', #2024, .T. ) ;
#1933 = EDGE_CURVE ( 'NONE', #737, #2637, #1558, .T. ) ;
#1934 = PLANE ( 'NONE',  #248 ) ;
#1935 = PRODUCT_RELATED_PRODUCT_CATEGORY ( 'part', '', ( #1131 ) ) ;
#1936 = DIRECTION ( 'NONE',  ( 0.0000000000000000000, 1.000000000000000000, 0.0000000000000000000 ) ) ;
#1937 = FACE_OUTER_BOUND ( 'NONE', #2007, .T. ) ;
#1938 = CARTESIAN_POINT ( 'NONE',  ( 3.973964796557968100, 5.509986889920058100, 2.294369645042845500 ) ) ;
#1939 = CIRCLE ( 'NONE', #2098, 4.588739290085682000 ) ;
#1940 = VECTOR ( 'NONE', #442, 1000.000000000000000 ) ;
#1941 =( LENGTH_UNIT ( ) NAMED_UNIT ( * ) SI_UNIT ( .MILLI., .METRE. ) );
#1942 = CIRCLE ( 'NONE', #2393, 3.869767441860462400 ) ;
#1943 = AXIS2_PLACEMENT_3D ( 'NONE', #1237, #822, #1044 ) ;
#1944 = VERTEX_POINT ( 'NONE', #1770 ) ;
#1945 = DIRECTION ( 'NONE',  ( 0.0000000000000000000, 0.0000000000000000000, -1.000000000000000000 ) ) ;
#1946 = DIRECTION ( 'NONE',  ( 0.0000000000000000000, -0.0000000000000000000, 1.000000000000000000 ) ) ;
#1947 = ORIENTED_EDGE ( 'NONE', *, *, #1, .T. ) ;
#1948 = ORIENTED_EDGE ( 'NONE', *, *, #40, .F. ) ;
#1949 = AXIS2_PLACEMENT_3D ( 'NONE', #1540, #2663, #852 ) ;
#1950 = CARTESIAN_POINT ( 'NONE',  ( 3.861683577674804200, 29.74999999999999600, 0.2500000000000000000 ) ) ;
#1951 = DIRECTION ( 'NONE',  ( -8.544047435911748400E-018, 1.000000000000000000, -0.0000000000000000000 ) ) ;
#1952 = EDGE_CURVE ( 'NONE', #2731, #1436, #1862, .T. ) ;
#1953 = ORIENTED_EDGE ( 'NONE', *, *, #1912, .T. ) ;
#1954 = CARTESIAN_POINT ( 'NONE',  ( 0.2250000000000000100, 0.0000000000000000000, -2.238721733489895000 ) ) ;
#1955 = AXIS2_PLACEMENT_3D ( 'NONE', #440, #2194, #2184 ) ;
#1956 = ORIENTED_EDGE ( 'NONE', *, *, #1479, .F. ) ;
#1957 = VERTEX_POINT ( 'NONE', #1960 ) ;
#1958 = EDGE_LOOP ( 'NONE', ( #1497, #1326, #1592, #111, #197, #769, #2130, #1947, #2190, #2328, #1714, #2367 ) ) ;
#1959 = ORIENTED_EDGE ( 'NONE', *, *, #2624, .T. ) ;
#1960 = CARTESIAN_POINT ( 'NONE',  ( -0.2250000000000000100, 0.1000000000000000100, -1.836266592845385600 ) ) ;
#1961 = DIRECTION ( 'NONE',  ( -8.800000966351890300E-016, 4.226232555268976600E-034, -1.000000000000000000 ) ) ;
#1962 = EDGE_CURVE ( 'NONE', #2086, #23, #2066, .T. ) ;
#1963 = DIRECTION ( 'NONE',  ( 0.0000000000000000000, 0.0000000000000000000, 1.000000000000000000 ) ) ;
#1964 = FACE_OUTER_BOUND ( 'NONE', #227, .T. ) ;
#1965 =( NAMED_UNIT ( * ) PLANE_ANGLE_UNIT ( ) SI_UNIT ( $, .RADIAN. ) );
#1966 = LINE ( 'NONE', #1376, #1726 ) ;
#1967 = VECTOR ( 'NONE', #1013, 1000.000000000000000 ) ;
#1968 = DIRECTION ( 'NONE',  ( 1.000000000000000000, 0.0000000000000000000, 0.0000000000000000000 ) ) ;
#1969 = AXIS2_PLACEMENT_3D ( 'NONE', #1705, #2806, #2551 ) ;
#1970 = DIRECTION ( 'NONE',  ( -4.802536467244269600E-019, -1.000000000000000000, -0.0000000000000000000 ) ) ;
#1971 = CARTESIAN_POINT ( 'NONE',  ( 2.500000000000000000, -14.00000000000000000, 0.0000000000000000000 ) ) ;
#1972 = CIRCLE ( 'NONE', #2440, 0.6000000000000003100 ) ;
#1973 = DIRECTION ( 'NONE',  ( -8.544047435911748400E-018, 1.000000000000000000, -0.0000000000000000000 ) ) ;
#1974 = ORIENTED_EDGE ( 'NONE', *, *, #2226, .F. ) ;
#1975 = CARTESIAN_POINT ( 'NONE',  ( 2.500000000000000000, -14.00000000000000000, 0.0000000000000000000 ) ) ;
#1976 = EDGE_CURVE ( 'NONE', #495, #2092, #1487, .T. ) ;
#1977 = ORIENTED_EDGE ( 'NONE', *, *, #2580, .F. ) ;
#1978 = CARTESIAN_POINT ( 'NONE',  ( 6.393695097171656200E-017, 1.200000000000000000, 0.0000000000000000000 ) ) ;
#1979 = EDGE_LOOP ( 'NONE', ( #2835, #855, #1748, #1925 ) ) ;
#1980 = EDGE_LOOP ( 'NONE', ( #2332, #1888, #2075, #474, #1594, #1549, #1390, #570, #2625, #2167, #1139, #2853 ) ) ;
#1981 = EDGE_CURVE ( 'NONE', #324, #978, #1011, .T. ) ;
#1982 = ORIENTED_EDGE ( 'NONE', *, *, #2343, .F. ) ;
#1983 = ORIENTED_EDGE ( 'NONE', *, *, #193, .F. ) ;
#1984 = DIRECTION ( 'NONE',  ( 1.000000000000000000, -7.878561074514640800E-017, 0.0000000000000000000 ) ) ;
#1985 = AXIS2_PLACEMENT_3D ( 'NONE', #568, #793, #1228 ) ;
#1986 = ORIENTED_EDGE ( 'NONE', *, *, #1195, .F. ) ;
#1987 = DIRECTION ( 'NONE',  ( 0.0000000000000000000, 0.0000000000000000000, -1.000000000000000000 ) ) ;
#1988 = DIRECTION ( 'NONE',  ( 0.0000000000000000000, 0.0000000000000000000, -1.000000000000000000 ) ) ;
#1989 = CARTESIAN_POINT ( 'NONE',  ( -2.500000000000000000, 0.9499999999999998400, -0.3000000000000001000 ) ) ;
#1990 = EDGE_LOOP ( 'NONE', ( #809, #493, #449 ) ) ;
#1991 = AXIS2_PLACEMENT_3D ( 'NONE', #2087, #1005, #545 ) ;
#1992 = CARTESIAN_POINT ( 'NONE',  ( 4.069767441860467900, 0.6999999999999998400, 0.0000000000000000000 ) ) ;
#1993 = VECTOR ( 'NONE', #2623, 1000.000000000000000 ) ;
#1994 = VECTOR ( 'NONE', #1392, 1000.000000000000100 ) ;
#1995 = EDGE_CURVE ( 'NONE', #1435, #729, #905, .T. ) ;
#1996 = CIRCLE ( 'NONE', #1175, 0.3000000000000005400 ) ;
#1997 = EDGE_CURVE ( 'NONE', #497, #297, #2115, .T. ) ;
#1998 = VECTOR ( 'NONE', #1322, 1000.000000000000000 ) ;
#1999 = CARTESIAN_POINT ( 'NONE',  ( 4.336808689942017700E-016, 4.644522809861920900, 0.0000000000000000000 ) ) ;
#2000 = VECTOR ( 'NONE', #1730, 1000.000000000000000 ) ;
#2001 = CIRCLE ( 'NONE', #1489, 4.069767441860467900 ) ;
#2002 = DIRECTION ( 'NONE',  ( -0.0000000000000000000, -1.000000000000000000, -0.0000000000000000000 ) ) ;
#2003 = LINE ( 'NONE', #1099, #842 ) ;
#2004 = CARTESIAN_POINT ( 'NONE',  ( 2.500000000000000000, 0.1000000000000002600, -9.184850993605148400E-017 ) ) ;
#2005 = CARTESIAN_POINT ( 'NONE',  ( 0.2499999999999980600, 29.74999999999999600, -0.2500000000000000000 ) ) ;
#2006 = ORIENTED_EDGE ( 'NONE', *, *, #733, .F. ) ;
#2007 = EDGE_LOOP ( 'NONE', ( #2293, #2345, #1019, #909 ) ) ;
#2008 = ORIENTED_EDGE ( 'NONE', *, *, #338, .F. ) ;
#2009 = VERTEX_POINT ( 'NONE', #2866 ) ;
#2010 = DIRECTION ( 'NONE',  ( 0.0000000000000000000, 0.0000000000000000000, 1.000000000000000000 ) ) ;
#2011 = ORIENTED_EDGE ( 'NONE', *, *, #2379, .T. ) ;
#2012 = EDGE_CURVE ( 'NONE', #154, #2808, #935, .T. ) ;
#2013 = DIRECTION ( 'NONE',  ( 0.0000000000000000000, -1.000000000000000000, 0.0000000000000000000 ) ) ;
#2014 = EDGE_CURVE ( 'NONE', #778, #1467, #1972, .T. ) ;
#2015 = ORIENTED_EDGE ( 'NONE', *, *, #89, .F. ) ;
#2016 = ORIENTED_EDGE ( 'NONE', *, *, #422, .F. ) ;
#2017 = PLANE ( 'NONE',  #1047 ) ;
#2018 = ADVANCED_FACE ( 'NONE', ( #1310 ), #1904, .F. ) ;
#2019 = ORIENTED_EDGE ( 'NONE', *, *, #1140, .F. ) ;
#2020 = AXIS2_PLACEMENT_3D ( 'NONE', #714, #1378, #1339 ) ;
#2021 = VERTEX_POINT ( 'NONE', #2885 ) ;
#2022 = CARTESIAN_POINT ( 'NONE',  ( 8.673617379884035500E-016, 8.755477190138080300, 0.0000000000000000000 ) ) ;
#2023 = AXIS2_PLACEMENT_3D ( 'NONE', #342, #2187, #1077 ) ;
#2024 = EDGE_LOOP ( 'NONE', ( #1218, #2324, #2323, #1064 ) ) ;
#2025 = DIRECTION ( 'NONE',  ( -0.5000000000000010000, -4.272023717955882700E-018, 0.8660254037844380400 ) ) ;
#2026 = CIRCLE ( 'NONE', #2152, 4.023255813953487500 ) ;
#2027 = LINE ( 'NONE', #539, #792 ) ;
#2028 = AXIS2_PLACEMENT_3D ( 'NONE', #163, #610, #2153 ) ;
#2029 = CIRCLE ( 'NONE', #1793, 1.116279069767440700 ) ;
#2030 = DIRECTION ( 'NONE',  ( 1.000000000000000000, -4.802536467244269600E-019, 0.0000000000000000000 ) ) ;
#2031 = LINE ( 'NONE', #1900, #2394 ) ;
#2032 = VECTOR ( 'NONE', #287, 1000.000000000000000 ) ;
#2033 = EDGE_CURVE ( 'NONE', #2230, #1508, #2034, .T. ) ;
#2034 = CIRCLE ( 'NONE', #119, 4.588739290085680300 ) ;
#2035 = AXIS2_PLACEMENT_3D ( 'NONE', #2315, #2766, #2104 ) ;
#2036 = DIRECTION ( 'NONE',  ( -7.878561074514640800E-017, -1.000000000000000000, -0.0000000000000000000 ) ) ;
#2037 = CARTESIAN_POINT ( 'NONE',  ( 3.869767441860463700, 30.00000000000000000, 0.0000000000000000000 ) ) ;
#2038 = VERTEX_POINT ( 'NONE', #1954 ) ;
#2039 = ORIENTED_EDGE ( 'NONE', *, *, #72, .T. ) ;
#2040 = DIRECTION ( 'NONE',  ( 0.8660254037844380400, 1.055527038717743000E-017, 0.5000000000000010000 ) ) ;
#2041 = ORIENTED_EDGE ( 'NONE', *, *, #2241, .F. ) ;
#2042 = DIRECTION ( 'NONE',  ( -7.878561074514640800E-017, -1.000000000000000000, -0.0000000000000000000 ) ) ;
#2043 = ORIENTED_EDGE ( 'NONE', *, *, #2192, .F. ) ;
#2044 = ORIENTED_EDGE ( 'NONE', *, *, #2171, .T. ) ;
#2045 = DIRECTION ( 'NONE',  ( 1.000000000000000000, -7.878561074514640800E-017, 0.0000000000000000000 ) ) ;
#2046 = VERTEX_POINT ( 'NONE', #1544 ) ;
#2047 = EDGE_LOOP ( 'NONE', ( #578, #2163, #1779, #705 ) ) ;
#2048 = DIRECTION ( 'NONE',  ( 0.0000000000000000000, 1.000000000000000000, 0.0000000000000000000 ) ) ;
#2049 = EDGE_CURVE ( 'NONE', #1576, #1281, #837, .T. ) ;
#2050 = CARTESIAN_POINT ( 'NONE',  ( -2.190500000000000100, 0.1000000000000000100, -0.5140133753123546900 ) ) ;
#2051 = ORIENTED_EDGE ( 'NONE', *, *, #2317, .F. ) ;
#2052 = VERTEX_POINT ( 'NONE', #2854 ) ;
#2053 = EDGE_LOOP ( 'NONE', ( #462, #2369, #17, #529 ) ) ;
#2054 = DIRECTION ( 'NONE',  ( 4.802536467244269600E-019, 1.000000000000000000, -0.0000000000000000000 ) ) ;
#2055 = ADVANCED_FACE ( 'NONE', ( #242 ), #217, .F. ) ;
#2056 = CARTESIAN_POINT ( 'NONE',  ( 1.050922246249483600E-015, 29.89999999999999500, 0.2500000000000000000 ) ) ;
#2057 = DIRECTION ( 'NONE',  ( 0.0000000000000000000, 0.0000000000000000000, 1.000000000000000000 ) ) ;
#2058 = FACE_OUTER_BOUND ( 'NONE', #1351, .T. ) ;
#2059 = FACE_OUTER_BOUND ( 'NONE', #1346, .T. ) ;
#2060 = CYLINDRICAL_SURFACE ( 'NONE', #907, 5.000000000000000900 ) ;
#2061 = DIRECTION ( 'NONE',  ( 4.802536467244269600E-019, 1.000000000000000000, -0.0000000000000000000 ) ) ;
#2062 = EDGE_CURVE ( 'NONE', #1461, #1022, #1827, .T. ) ;
#2063 = SURFACE_STYLE_FILL_AREA ( #2642 ) ;
#2064 = DIRECTION ( 'NONE',  ( -7.878561074514640800E-017, -1.000000000000000000, -0.0000000000000000000 ) ) ;
#2065 = CARTESIAN_POINT ( 'NONE',  ( 1.050826195520138800E-015, 29.69999999999999600, 0.0000000000000000000 ) ) ;
#2066 = CIRCLE ( 'NONE', #2591, 0.7999999999999999300 ) ;
#2067 = CARTESIAN_POINT ( 'NONE',  ( -3.861683577674802400, 29.89999999999999500, -0.2500000000000000000 ) ) ;
#2068 = LINE ( 'NONE', #1764, #1940 ) ;
#2069 = CARTESIAN_POINT ( 'NONE',  ( 9.454273289417566800E-017, 1.199999999999999700, 0.0000000000000000000 ) ) ;
#2070 = AXIS2_PLACEMENT_3D ( 'NONE', #2470, #1132, #2445 ) ;
#2071 = CIRCLE ( 'NONE', #2752, 4.999999999999999100 ) ;
#2072 = EDGE_CURVE ( 'NONE', #786, #2052, #1456, .T. ) ;
#2073 = ADVANCED_FACE ( 'NONE', ( #485 ), #2743, .F. ) ;
#2074 = DIRECTION ( 'NONE',  ( -0.8660254037844379300, 0.0000000000000000000, 0.5000000000000011100 ) ) ;
#2075 = ORIENTED_EDGE ( 'NONE', *, *, #1009, .F. ) ;
#2076 = ORIENTED_EDGE ( 'NONE', *, *, #72, .F. ) ;
#2077 = DIRECTION ( 'NONE',  ( 0.0000000000000000000, 0.0000000000000000000, 1.000000000000000000 ) ) ;
#2078 = CARTESIAN_POINT ( 'NONE',  ( -0.2250000000000000100, 0.8000000000000003800, 2.489854413414567300 ) ) ;
#2079 = ORIENTED_EDGE ( 'NONE', *, *, #893, .F. ) ;
#2080 = CARTESIAN_POINT ( 'NONE',  ( 7.484633020788911200E-017, 0.9500000000000002900, 0.0000000000000000000 ) ) ;
#2081 = ORIENTED_EDGE ( 'NONE', *, *, #688, .F. ) ;
#2082 = CARTESIAN_POINT ( 'NONE',  ( 3.524521992145970700, 1.199999999999999500, 2.034883720930237900 ) ) ;
#2083 = ORIENTED_EDGE ( 'NONE', *, *, #338, .T. ) ;
#2084 = DIRECTION ( 'NONE',  ( 0.5000000000000010000, 4.272023717955882700E-018, 0.8660254037844380400 ) ) ;
#2085 = ORIENTED_EDGE ( 'NONE', *, *, #924, .T. ) ;
#2086 = VERTEX_POINT ( 'NONE', #1172 ) ;
#2087 = CARTESIAN_POINT ( 'NONE',  ( 4.813490034987924400, 6.700000000000000200, 2.779069767441866300 ) ) ;
#2088 = CARTESIAN_POINT ( 'NONE',  ( 2.500000000000000000, 0.9499999999999998400, 0.0000000000000000000 ) ) ;
#2089 = ADVANCED_FACE ( 'NONE', ( #592 ), #660, .T. ) ;
#2090 = CARTESIAN_POINT ( 'NONE',  ( 2.190500000000000100, 0.0000000000000000000, 0.5140133753123553600 ) ) ;
#2091 = AXIS2_PLACEMENT_3D ( 'NONE', #911, #241, #1111 ) ;
#2092 = VERTEX_POINT ( 'NONE', #2724 ) ;
#2093 = CARTESIAN_POINT ( 'NONE',  ( 5.000000000000000900, 4.644522809861920900, 0.0000000000000000000 ) ) ;
#2094 = ORIENTED_EDGE ( 'NONE', *, *, #2095, .T. ) ;
#2095 = EDGE_CURVE ( 'NONE', #324, #1762, #2147, .T. ) ;
#2096 = PLANE ( 'NONE',  #356 ) ;
#2097 = DIRECTION ( 'NONE',  ( -7.878561074514640800E-017, -1.000000000000000000, -0.0000000000000000000 ) ) ;
#2098 = AXIS2_PLACEMENT_3D ( 'NONE', #122, #344, #1898 ) ;
#2099 = CARTESIAN_POINT ( 'NONE',  ( 0.2250000000000000100, 0.0000000000000000000, 15.00000000000000700 ) ) ;
#2100 = DIRECTION ( 'NONE',  ( -0.0000000000000000000, 1.000000000000000000, -0.0000000000000000000 ) ) ;
#2101 = FACE_OUTER_BOUND ( 'NONE', #767, .T. ) ;
#2102 = DIRECTION ( 'NONE',  ( -7.878561074514640800E-017, -1.000000000000000000, -0.0000000000000000000 ) ) ;
#2103 = LINE ( 'NONE', #1382, #207 ) ;
#2104 = DIRECTION ( 'NONE',  ( 0.0000000000000000000, -0.0000000000000000000, -1.000000000000000000 ) ) ;
#2105 = CARTESIAN_POINT ( 'NONE',  ( 1.050922246249483600E-015, 29.89999999999999500, 0.0000000000000000000 ) ) ;
#2106 = CIRCLE ( 'NONE', #652, 0.3000000000000005400 ) ;
#2107 = DIRECTION ( 'NONE',  ( 0.0000000000000000000, 0.0000000000000000000, -1.000000000000000000 ) ) ;
#2108 = CIRCLE ( 'NONE', #912, 0.7999999999999997100 ) ;
#2109 = DIRECTION ( 'NONE',  ( -7.878561074514640800E-017, -1.000000000000000000, -0.0000000000000000000 ) ) ;
#2110 = CYLINDRICAL_SURFACE ( 'NONE', #1679, 3.869767441860461500 ) ;
#2111 = ADVANCED_FACE ( 'NONE', ( #1161 ), #1619, .T. ) ;
#2112 = DIRECTION ( 'NONE',  ( 0.8660254037844381500, 0.0000000000000000000, -0.5000000000000008900 ) ) ;
#2113 = VECTOR ( 'NONE', #2522, 1000.000000000000000 ) ;
#2114 = EDGE_CURVE ( 'NONE', #786, #2046, #2272, .T. ) ;
#2115 = LINE ( 'NONE', #2874, #2000 ) ;
#2116 = VERTEX_POINT ( 'NONE', #2078 ) ;
#2117 = CARTESIAN_POINT ( 'NONE',  ( 0.0000000000000000000, 0.1000000000000000100, 0.0000000000000000000 ) ) ;
#2118 = AXIS2_PLACEMENT_3D ( 'NONE', #2852, #873, #2389 ) ;
#2119 = VERTEX_POINT ( 'NONE', #1416 ) ;
#2120 = DIRECTION ( 'NONE',  ( 1.000000000000000000, -7.878561074514640800E-017, 0.0000000000000000000 ) ) ;
#2121 = CARTESIAN_POINT ( 'NONE',  ( 2.500000000000000000, 0.9499999999999998400, -0.3000000000000005400 ) ) ;
#2122 = CARTESIAN_POINT ( 'NONE',  ( -0.2250000000000000100, 0.0000000000000000000, 15.00000000000000700 ) ) ;
#2123 = AXIS2_PLACEMENT_3D ( 'NONE', #2237, #1881, #128 ) ;
#2124 = VERTEX_POINT ( 'NONE', #2304 ) ;
#2125 = CARTESIAN_POINT ( 'NONE',  ( 8.673617379884035500E-016, 6.700000000000000200, 0.0000000000000000000 ) ) ;
#2126 = ADVANCED_FACE ( 'NONE', ( #2318 ), #1203, .T. ) ;
#2127 = CARTESIAN_POINT ( 'NONE',  ( 4.330127018922191900, 4.644522809861920900, -2.500000000000004900 ) ) ;
#2128 = VERTEX_POINT ( 'NONE', #991 ) ;
#2129 = VERTEX_POINT ( 'NONE', #768 ) ;
#2130 = ORIENTED_EDGE ( 'NONE', *, *, #2453, .T. ) ;
#2131 = DIRECTION ( 'NONE',  ( 0.0000000000000000000, 0.0000000000000000000, -1.000000000000000000 ) ) ;
#2132 = EDGE_LOOP ( 'NONE', ( #1948, #2879, #1466, #362 ) ) ;
#2133 = DIRECTION ( 'NONE',  ( -1.113750122303911200E-015, 5.348825577762298800E-034, 1.000000000000000000 ) ) ;
#2134 = EDGE_CURVE ( 'NONE', #159, #1666, #2, .T. ) ;
#2135 = CARTESIAN_POINT ( 'NONE',  ( 3.973964796557968100, 5.509986889920058100, 2.294369645042845000 ) ) ;
#2136 = VERTEX_POINT ( 'NONE', #349 ) ;
#2137 = DIRECTION ( 'NONE',  ( -7.878561074514640800E-017, -1.000000000000000000, -0.0000000000000000000 ) ) ;
#2138 = DIRECTION ( 'NONE',  ( -1.000000000000000000, 0.0000000000000000000, 0.0000000000000000000 ) ) ;
#2139 = EDGE_CURVE ( 'NONE', #2616, #2129, #272, .T. ) ;
#2140 = ADVANCED_FACE ( 'NONE', ( #1902 ), #350, .T. ) ;
#2141 = DIRECTION ( 'NONE',  ( -7.878561074514640800E-017, -1.000000000000000000, 0.0000000000000000000 ) ) ;
#2142 = AXIS2_PLACEMENT_3D ( 'NONE', #86, #1682, #360 ) ;
#2143 = LINE ( 'NONE', #409, #1791 ) ;
#2144 = LINE ( 'NONE', #1929, #1691 ) ;
#2145 = DIRECTION ( 'NONE',  ( -0.0000000000000000000, -0.0000000000000000000, 1.000000000000000000 ) ) ;
#2146 = FACE_OUTER_BOUND ( 'NONE', #414, .T. ) ;
#2147 = CIRCLE ( 'NONE', #263, 1.850000000000000300 ) ;
#2148 = APPLICATION_PROTOCOL_DEFINITION ( 'draft international standard', 'automotive_design', 1998, #392 ) ;
#2149 = AXIS2_PLACEMENT_3D ( 'NONE', #1072, #1758, #1513 ) ;
#2150 = CIRCLE ( 'NONE', #659, 3.869767441860462400 ) ;
#2151 = CARTESIAN_POINT ( 'NONE',  ( 0.2250000000000000100, 0.0000000000000000000, 15.00000000000000700 ) ) ;
#2152 = AXIS2_PLACEMENT_3D ( 'NONE', #1333, #2673, #1774 ) ;
#2153 = DIRECTION ( 'NONE',  ( 1.000000000000000000, -5.328079247643046800E-017, 0.0000000000000000000 ) ) ;
#2154 = ADVANCED_FACE ( 'NONE', ( #1006 ), #113, .T. ) ;
#2155 = CARTESIAN_POINT ( 'NONE',  ( 3.484241740807158600, 6.700000000000001100, 2.011627906976748200 ) ) ;
#2156 = EDGE_LOOP ( 'NONE', ( #2537, #1844, #1224, #1262 ) ) ;
#2157 = EDGE_CURVE ( 'NONE', #2297, #297, #1240, .T. ) ;
#2158 = EDGE_LOOP ( 'NONE', ( #1145, #231, #1204, #1226, #282 ) ) ;
#2159 = ORIENTED_EDGE ( 'NONE', *, *, #156, .F. ) ;
#2160 = VERTEX_POINT ( 'NONE', #337 ) ;
#2161 = AXIS2_PLACEMENT_3D ( 'NONE', #2088, #2543, #1636 ) ;
#2162 = DIRECTION ( 'NONE',  ( -0.5000000000000010000, -4.272023717955882700E-018, -0.8660254037844380400 ) ) ;
#2163 = ORIENTED_EDGE ( 'NONE', *, *, #1649, .F. ) ;
#2164 = PLANE ( 'NONE',  #1708 ) ;
#2165 = ORIENTED_EDGE ( 'NONE', *, *, #805, .F. ) ;
#2166 = DIRECTION ( 'NONE',  ( 0.0000000000000000000, 0.0000000000000000000, -1.000000000000000000 ) ) ;
#2167 = ORIENTED_EDGE ( 'NONE', *, *, #1692, .F. ) ;
#2168 = DIRECTION ( 'NONE',  ( -7.878561074514640800E-017, -1.000000000000000000, -0.0000000000000000000 ) ) ;
#2169 = ORIENTED_EDGE ( 'NONE', *, *, #2400, .T. ) ;
#2170 = CARTESIAN_POINT ( 'NONE',  ( 3.524521992145971600, 0.6999999999999998400, -2.034883720930236600 ) ) ;
#2171 = EDGE_CURVE ( 'NONE', #941, #729, #2863, .T. ) ;
#2172 = CARTESIAN_POINT ( 'NONE',  ( 0.2250000000000000100, 0.8000000000000003800, 2.489854413414567300 ) ) ;
#2173 = EDGE_CURVE ( 'NONE', #1532, #984, #64, .T. ) ;
#2174 = VECTOR ( 'NONE', #2210, 1000.000000000000000 ) ;
#2175 = CARTESIAN_POINT ( 'NONE',  ( 2.500000000000000000, 1.200000000000000000, -0.3000000000000005400 ) ) ;
#2176 = TOROIDAL_SURFACE ( 'NONE', #1871, 5.558139534883721000, 1.534883720930233100 ) ;
#2177 = CIRCLE ( 'NONE', #799, 4.069767441860467900 ) ;
#2178 = COLOUR_RGB ( '',0.7921568627450980000, 0.8196078431372548800, 0.9333333333333333500 ) ;
#2179 = AXIS2_PLACEMENT_3D ( 'NONE', #426, #2197, #1945 ) ;
#2180 = FACE_OUTER_BOUND ( 'NONE', #2661, .T. ) ;
#2181 = DIRECTION ( 'NONE',  ( -0.8660254037844380400, 6.823034035796898300E-017, -0.5000000000000010000 ) ) ;
#2182 = LINE ( 'NONE', #1831, #2211 ) ;
#2183 = DIRECTION ( 'NONE',  ( 4.802536467244269600E-019, 1.000000000000000000, 0.0000000000000000000 ) ) ;
#2184 = DIRECTION ( 'NONE',  ( 0.0000000000000000000, 0.0000000000000000000, 1.000000000000000000 ) ) ;
#2185 = DIRECTION ( 'NONE',  ( 7.228014483236699500E-016, 0.0000000000000000000, 1.000000000000000000 ) ) ;
#2186 = ORIENTED_EDGE ( 'NONE', *, *, #826, .F. ) ;
#2187 = DIRECTION ( 'NONE',  ( 0.0000000000000000000, 1.000000000000000000, 0.0000000000000000000 ) ) ;
#2188 = DIRECTION ( 'NONE',  ( -0.0000000000000000000, 1.000000000000000000, -0.0000000000000000000 ) ) ;
#2189 = CARTESIAN_POINT ( 'NONE',  ( 8.673617379884035500E-016, 6.700000000000000200, 0.0000000000000000000 ) ) ;
#2190 = ORIENTED_EDGE ( 'NONE', *, *, #1981, .T. ) ;
#2191 = DIRECTION ( 'NONE',  ( 0.0000000000000000000, 1.000000000000000000, 0.0000000000000000000 ) ) ;
#2192 = EDGE_CURVE ( 'NONE', #2762, #941, #2640, .T. ) ;
#2193 = VERTEX_POINT ( 'NONE', #2339 ) ;
#2194 = DIRECTION ( 'NONE',  ( 0.0000000000000000000, 1.000000000000000000, 0.0000000000000000000 ) ) ;
#2195 = ORIENTED_EDGE ( 'NONE', *, *, #1521, .T. ) ;
#2196 = ORIENTED_EDGE ( 'NONE', *, *, #840, .F. ) ;
#2197 = DIRECTION ( 'NONE',  ( 0.0000000000000000000, -1.000000000000000000, 0.0000000000000000000 ) ) ;
#2198 = ORIENTED_EDGE ( 'NONE', *, *, #2296, .F. ) ;
#2199 = DIRECTION ( 'NONE',  ( -0.5000000000000010000, 3.939280537257328400E-017, 0.8660254037844380400 ) ) ;
#2200 = DIRECTION ( 'NONE',  ( 0.5000000000000010000, 4.272023717955882700E-018, 0.8660254037844380400 ) ) ;
#2201 = EDGE_LOOP ( 'NONE', ( #439, #2510 ) ) ;
#2202 = EDGE_LOOP ( 'NONE', ( #1684, #2011, #470, #632, #201, #2666, #1119, #1563, #1788, #1210, #1977, #2802, #695, #2443, #917, #330 ) ) ;
#2203 = DIRECTION ( 'NONE',  ( -0.0000000000000000000, -0.0000000000000000000, 1.000000000000000000 ) ) ;
#2204 = AXIS2_PLACEMENT_3D ( 'NONE', #30, #1324, #2213 ) ;
#2205 = CARTESIAN_POINT ( 'NONE',  ( 3.166581116153231100E-016, 30.00000000000000000, 1.181784161177198500E-015 ) ) ;
#2206 = EDGE_CURVE ( 'NONE', #1184, #1289, #1525, .T. ) ;
#2207 = LINE ( 'NONE', #376, #1820 ) ;
#2208 = CYLINDRICAL_SURFACE ( 'NONE', #2472, 0.5999999999999997600 ) ;
#2209 = DIRECTION ( 'NONE',  ( -0.0000000000000000000, 1.000000000000000000, -0.0000000000000000000 ) ) ;
#2210 = DIRECTION ( 'NONE',  ( -0.0000000000000000000, 1.000000000000000000, -0.0000000000000000000 ) ) ;
#2211 = VECTOR ( 'NONE', #951, 1000.000000000000000 ) ;
#2212 = CARTESIAN_POINT ( 'NONE',  ( -0.2499999999999988600, 29.74999999999999600, -3.861683577674803300 ) ) ;
#2213 = DIRECTION ( 'NONE',  ( -8.800000966351890300E-016, 0.0000000000000000000, -1.000000000000000000 ) ) ;
#2214 = DIRECTION ( 'NONE',  ( -7.878561074514640800E-017, -1.000000000000000000, 0.0000000000000000000 ) ) ;
#2215 = CIRCLE ( 'NONE', #2552, 1.534883720930232800 ) ;
#2216 = TOROIDAL_SURFACE ( 'NONE', #1399, 5.558139534883721000, 1.534883720930233100 ) ;
#2217 = DIRECTION ( 'NONE',  ( -7.878561074514640800E-017, -1.000000000000000000, -0.0000000000000000000 ) ) ;
#2218 = ORIENTED_EDGE ( 'NONE', *, *, #943, .F. ) ;
#2219 = EDGE_CURVE ( 'NONE', #854, #1747, #2355, .T. ) ;
#2220 = DIRECTION ( 'NONE',  ( 0.0000000000000000000, 0.0000000000000000000, -1.000000000000000000 ) ) ;
#2221 = EDGE_LOOP ( 'NONE', ( #1136, #531, #1751, #1754, #1221, #1032 ) ) ;
#2222 = EDGE_LOOP ( 'NONE', ( #675, #205, #1345, #2498 ) ) ;
#2223 = PLANE ( 'NONE',  #171 ) ;
#2224 = ORIENTED_EDGE ( 'NONE', *, *, #1667, .F. ) ;
#2225 = AXIS2_PLACEMENT_3D ( 'NONE', #2737, #1396, #63 ) ;
#2226 = EDGE_CURVE ( 'NONE', #332, #1806, #2031, .T. ) ;
#2227 = ORIENTED_EDGE ( 'NONE', *, *, #1617, .F. ) ;
#2228 = AXIS2_PLACEMENT_3D ( 'NONE', #1242, #1250, #1906 ) ;
#2229 = DIRECTION ( 'NONE',  ( -7.878561074514640800E-017, -1.000000000000000000, -0.0000000000000000000 ) ) ;
#2230 = VERTEX_POINT ( 'NONE', #802 ) ;
#2231 = DIRECTION ( 'NONE',  ( -1.055527038717743200E-017, -1.000000000000000000, -3.939280537257327800E-017 ) ) ;
#2232 = ORIENTED_EDGE ( 'NONE', *, *, #865, .T. ) ;
#2233 = AXIS2_PLACEMENT_3D ( 'NONE', #101, #1645, #2765 ) ;
#2234 = ADVANCED_FACE ( 'NONE', ( #1769, #1370 ), #1463, .F. ) ;
#2235 = LINE ( 'NONE', #1187, #1609 ) ;
#2236 = LINE ( 'NONE', #2305, #137 ) ;
#2237 = CARTESIAN_POINT ( 'NONE',  ( 0.0000000000000000000, 0.0000000000000000000, 0.0000000000000000000 ) ) ;
#2238 = DIRECTION ( 'NONE',  ( 0.8660254037844380400, 0.0000000000000000000, 0.5000000000000010000 ) ) ;
#2239 = LINE ( 'NONE', #283, #1126 ) ;
#2240 = CIRCLE ( 'NONE', #276, 3.869767441860461500 ) ;
#2241 = EDGE_CURVE ( 'NONE', #2729, #2447, #800, .T. ) ;
#2242 = CIRCLE ( 'NONE', #2179, 2.500000000000000000 ) ;
#2243 = CARTESIAN_POINT ( 'NONE',  ( 1.181784161177196600E-016, 1.500000000000000400, 0.0000000000000000000 ) ) ;
#2244 = AXIS2_PLACEMENT_3D ( 'NONE', #1254, #2593, #2613 ) ;
#2245 = LINE ( 'NONE', #2321, #454 ) ;
#2246 = DIRECTION ( 'NONE',  ( 0.8660254037844379300, 0.0000000000000000000, 0.5000000000000012200 ) ) ;
#2247 = DIRECTION ( 'NONE',  ( 0.0000000000000000000, 1.000000000000000000, 0.0000000000000000000 ) ) ;
#2248 = LINE ( 'NONE', #801, #184 ) ;
#2249 = CARTESIAN_POINT ( 'NONE',  ( 0.2250000000000000100, 0.8000000000000000400, 15.00000000000000700 ) ) ;
#2250 = ORIENTED_EDGE ( 'NONE', *, *, #2373, .F. ) ;
#2251 = PLANE ( 'NONE',  #26 ) ;
#2252 = ORIENTED_EDGE ( 'NONE', *, *, #2157, .F. ) ;
#2253 = ORIENTED_EDGE ( 'NONE', *, *, #1869, .F. ) ;
#2254 = ORIENTED_EDGE ( 'NONE', *, *, #455, .F. ) ;
#2255 = ORIENTED_EDGE ( 'NONE', *, *, #1997, .T. ) ;
#2256 = EDGE_CURVE ( 'NONE', #1747, #2502, #1614, .T. ) ;
#2257 = DIRECTION ( 'NONE',  ( 0.0000000000000000000, 0.0000000000000000000, 1.000000000000000000 ) ) ;
#2258 = VERTEX_POINT ( 'NONE', #1168 ) ;
#2259 = EDGE_LOOP ( 'NONE', ( #1611, #559, #938, #2582 ) ) ;
#2260 = ORIENTED_EDGE ( 'NONE', *, *, #95, .F. ) ;
#2261 = AXIS2_PLACEMENT_3D ( 'NONE', #1074, #1738, #420 ) ;
#2262 = VERTEX_POINT ( 'NONE', #741 ) ;
#2263 =( NAMED_UNIT ( * ) PLANE_ANGLE_UNIT ( ) SI_UNIT ( $, .RADIAN. ) );
#2264 = AXIS2_PLACEMENT_3D ( 'NONE', #1451, #563, #1914 ) ;
#2265 = ADVANCED_FACE ( 'NONE', ( #425 ), #516, .F. ) ;
#2266 = ORIENTED_EDGE ( 'NONE', *, *, #1892, .T. ) ;
#2267 = DIRECTION ( 'NONE',  ( 0.0000000000000000000, 1.000000000000000000, 0.0000000000000000000 ) ) ;
#2268 = CARTESIAN_POINT ( 'NONE',  ( 3.484241740807158200, 6.700000000000000200, 2.011627906976748200 ) ) ;
#2269 = EDGE_CURVE ( 'NONE', #21, #2792, #964, .T. ) ;
#2270 = ORIENTED_EDGE ( 'NONE', *, *, #2580, .T. ) ;
#2271 = LINE ( 'NONE', #1719, #1482 ) ;
#2272 = CIRCLE ( 'NONE', #1985, 0.5999999999999997600 ) ;
#2273 = LINE ( 'NONE', #2067, #1697 ) ;
#2274 = EDGE_CURVE ( 'NONE', #2021, #2722, #1454, .T. ) ;
#2275 = DIRECTION ( 'NONE',  ( 1.000000000000000000, 0.0000000000000000000, 0.0000000000000000000 ) ) ;
#2276 = FACE_OUTER_BOUND ( 'NONE', #2330, .T. ) ;
#2277 = DIRECTION ( 'NONE',  ( -7.878561074514640800E-017, -1.000000000000000000, -0.0000000000000000000 ) ) ;
#2278 = AXIS2_PLACEMENT_3D ( 'NONE', #641, #1826, #18 ) ;
#2279 = CIRCLE ( 'NONE', #764, 4.199999999999999300 ) ;
#2280 = CARTESIAN_POINT ( 'NONE',  ( -3.861683577674802400, 29.74999999999999600, 0.2500000000000000000 ) ) ;
#2281 =( LENGTH_UNIT ( ) NAMED_UNIT ( * ) SI_UNIT ( .MILLI., .METRE. ) );
#2282 = ORIENTED_EDGE ( 'NONE', *, *, #1622, .F. ) ;
#2283 = ORIENTED_EDGE ( 'NONE', *, *, #1995, .F. ) ;
#2284 = VERTEX_POINT ( 'NONE', #1422 ) ;
#2285 = DIRECTION ( 'NONE',  ( -1.000000000000000000, 0.0000000000000000000, 0.0000000000000000000 ) ) ;
#2286 = CARTESIAN_POINT ( 'NONE',  ( 4.069767441860467900, -3.206391134976890800E-016, 0.0000000000000000000 ) ) ;
#2287 = AXIS2_PLACEMENT_3D ( 'NONE', #1028, #810, #579 ) ;
#2288 = DIRECTION ( 'NONE',  ( 8.800000966351890300E-016, 0.0000000000000000000, -1.000000000000000000 ) ) ;
#2289 = ORIENTED_EDGE ( 'NONE', *, *, #1559, .F. ) ;
#2290 = CARTESIAN_POINT ( 'NONE',  ( 0.0000000000000000000, 0.0000000000000000000, 0.0000000000000000000 ) ) ;
#2291 = DIRECTION ( 'NONE',  ( 4.802536467244269600E-019, 1.000000000000000000, 0.0000000000000000000 ) ) ;
#2292 = ADVANCED_FACE ( 'NONE', ( #2429 ), #1695, .T. ) ;
#2293 = ORIENTED_EDGE ( 'NONE', *, *, #1543, .F. ) ;
#2294 = AXIS2_PLACEMENT_3D ( 'NONE', #235, #670, #461 ) ;
#2295 = DIRECTION ( 'NONE',  ( 0.0000000000000000000, -1.000000000000000000, 0.0000000000000000000 ) ) ;
#2296 = EDGE_CURVE ( 'NONE', #1435, #48, #1586, .T. ) ;
#2297 = VERTEX_POINT ( 'NONE', #1198 ) ;
#2298 = CARTESIAN_POINT ( 'NONE',  ( 0.0000000000000000000, 0.0000000000000000000, 0.0000000000000000000 ) ) ;
#2299 = AXIS2_PLACEMENT_3D ( 'NONE', #1688, #811, #2585 ) ;
#2300 = ORIENTED_EDGE ( 'NONE', *, *, #2588, .F. ) ;
#2301 = DIRECTION ( 'NONE',  ( -0.0000000000000000000, 1.000000000000000000, -0.0000000000000000000 ) ) ;
#2302 = DIRECTION ( 'NONE',  ( 1.000000000000000000, 0.0000000000000000000, 0.0000000000000000000 ) ) ;
#2303 = DIRECTION ( 'NONE',  ( 0.5000000000000010000, 4.272023717955882700E-018, -0.8660254037844380400 ) ) ;
#2304 = CARTESIAN_POINT ( 'NONE',  ( 3.351316911389080400, 29.69999999999999600, 1.934883720930235000 ) ) ;
#2305 = CARTESIAN_POINT ( 'NONE',  ( 7.024979472149304700E-016, 1.200000000000000000, -1.106020089225042500E-015 ) ) ;
#2306 = VECTOR ( 'NONE', #109, 1000.000000000000000 ) ;
#2307 = LINE ( 'NONE', #372, #2488 ) ;
#2308 = ADVANCED_FACE ( 'NONE', ( #872 ), #2826, .F. ) ;
#2309 = FACE_OUTER_BOUND ( 'NONE', #1476, .T. ) ;
#2310 = CARTESIAN_POINT ( 'NONE',  ( 8.673617379884035500E-016, 8.755477190138080300, 0.0000000000000000000 ) ) ;
#2311 = LINE ( 'NONE', #2698, #1728 ) ;
#2312 = EDGE_CURVE ( 'NONE', #411, #1094, #2182, .T. ) ;
#2313 = VECTOR ( 'NONE', #605, 1000.000000000000000 ) ;
#2314 = DIRECTION ( 'NONE',  ( 0.0000000000000000000, 0.0000000000000000000, 1.000000000000000000 ) ) ;
#2315 = CARTESIAN_POINT ( 'NONE',  ( 0.0000000000000000000, 0.8000000000000000400, 0.0000000000000000000 ) ) ;
#2316 = CARTESIAN_POINT ( 'NONE',  ( 4.069767441860467900, -3.206391134976890800E-016, 0.0000000000000000000 ) ) ;
#2317 = EDGE_CURVE ( 'NONE', #1141, #674, #1201, .T. ) ;
#2318 = FACE_OUTER_BOUND ( 'NONE', #2839, .T. ) ;
#2319 = CARTESIAN_POINT ( 'NONE',  ( 0.2499999999999980600, 29.89999999999999500, -0.2500000000000000000 ) ) ;
#2320 = AXIS2_PLACEMENT_3D ( 'NONE', #1593, #1120, #275 ) ;
#2321 = CARTESIAN_POINT ( 'NONE',  ( 3.861683577674804200, 29.89999999999999500, -0.2500000000000000000 ) ) ;
#2322 = CARTESIAN_POINT ( 'NONE',  ( 6.216195016648603000E-016, 7.890013110079941300, 0.0000000000000000000 ) ) ;
#2323 = ORIENTED_EDGE ( 'NONE', *, *, #1725, .F. ) ;
#2324 = ORIENTED_EDGE ( 'NONE', *, *, #979, .T. ) ;
#2325 = AXIS2_PLACEMENT_3D ( 'NONE', #2778, #1441, #1419 ) ;
#2326 = DIRECTION ( 'NONE',  ( 0.0000000000000000000, 1.000000000000000000, 0.0000000000000000000 ) ) ;
#2327 = CARTESIAN_POINT ( 'NONE',  ( 0.0000000000000000000, 0.1000000000000000100, 0.0000000000000000000 ) ) ;
#2328 = ORIENTED_EDGE ( 'NONE', *, *, #1100, .T. ) ;
#2329 = ORIENTED_EDGE ( 'NONE', *, *, #2668, .T. ) ;
#2330 = EDGE_LOOP ( 'NONE', ( #2425, #2260, #42 ) ) ;
#2331 = EDGE_LOOP ( 'NONE', ( #501, #1092, #247, #2797 ) ) ;
#2332 = ORIENTED_EDGE ( 'NONE', *, *, #504, .T. ) ;
#2333 = CARTESIAN_POINT ( 'NONE',  ( 0.0000000000000000000, -5.445246459068680000, 0.0000000000000000000 ) ) ;
#2334 = STYLED_ITEM ( 'NONE', ( #2465 ), #1561 ) ;
#2335 = DIRECTION ( 'NONE',  ( 1.000000000000000000, -7.878561074514640800E-017, 0.0000000000000000000 ) ) ;
#2336 = ORIENTED_EDGE ( 'NONE', *, *, #2700, .T. ) ;
#2337 = ORIENTED_EDGE ( 'NONE', *, *, #2134, .F. ) ;
#2338 = DIRECTION ( 'NONE',  ( 0.0000000000000000000, 0.0000000000000000000, 1.000000000000000000 ) ) ;
#2339 = CARTESIAN_POINT ( 'NONE',  ( 0.0000000000000000000, 0.8000000000000003800, 2.500000000000000000 ) ) ;
#2340 = DIRECTION ( 'NONE',  ( 0.0000000000000000000, 0.0000000000000000000, 1.000000000000000000 ) ) ;
#2341 = EDGE_LOOP ( 'NONE', ( #80, #2300, #1501 ) ) ;
#2342 = APPLICATION_PROTOCOL_DEFINITION ( 'draft international standard', 'automotive_design', 1998, #1018 ) ;
#2343 = EDGE_CURVE ( 'NONE', #910, #1739, #2245, .T. ) ;
#2344 = DIRECTION ( 'NONE',  ( 0.5000000000000010000, 4.272023717955882700E-018, -0.8660254037844380400 ) ) ;
#2345 = ORIENTED_EDGE ( 'NONE', *, *, #733, .T. ) ;
#2346 = ADVANCED_FACE ( 'NONE', ( #689 ), #33, .F. ) ;
#2347 = CARTESIAN_POINT ( 'NONE',  ( 4.999999999999999100, -3.939280537257320000E-016, 0.0000000000000000000 ) ) ;
#2348 = AXIS2_PLACEMENT_3D ( 'NONE', #1630, #1839, #2275 ) ;
#2349 = CARTESIAN_POINT ( 'NONE',  ( 4.330127018922191900, -1.593493469750237500E-016, -2.500000000000004900 ) ) ;
#2350 = CARTESIAN_POINT ( 'NONE',  ( 1.050850208202475000E-015, 29.74999999999999600, 0.0000000000000000000 ) ) ;
#2351 = VECTOR ( 'NONE', #55, 1000.000000000000000 ) ;
#2352 = CARTESIAN_POINT ( 'NONE',  ( 4.330127018922191900, 1.431939090504939900E-015, 2.500000000000006200 ) ) ;
#2353 = LINE ( 'NONE', #989, #954 ) ;
#2354 = CIRCLE ( 'NONE', #847, 2.250000000000000400 ) ;
#2355 = CIRCLE ( 'NONE', #2299, 4.023255813953488400 ) ;
#2356 = CARTESIAN_POINT ( 'NONE',  ( -3.861683577674802400, 29.74999999999999600, -0.2500000000000000000 ) ) ;
#2357 = CIRCLE ( 'NONE', #589, 0.7999999999999997100 ) ;
#2358 = AXIS2_PLACEMENT_3D ( 'NONE', #1783, #252, #1548 ) ;
#2359 = VECTOR ( 'NONE', #1706, 1000.000000000000000 ) ;
#2360 = ADVANCED_FACE ( 'NONE', ( #1042 ), #1884, .T. ) ;
#2361 = DIRECTION ( 'NONE',  ( 0.0000000000000000000, 0.0000000000000000000, -1.000000000000000000 ) ) ;
#2362 = EDGE_CURVE ( 'NONE', #1815, #437, #1799, .T. ) ;
#2363 = LINE ( 'NONE', #2704, #2832 ) ;
#2364 = ORIENTED_EDGE ( 'NONE', *, *, #1079, .F. ) ;
#2365 = CARTESIAN_POINT ( 'NONE',  ( 0.0000000000000000000, 0.0000000000000000000, 0.0000000000000000000 ) ) ;
#2366 = CARTESIAN_POINT ( 'NONE',  ( 0.0000000000000000000, 1.500000000000000200, 0.0000000000000000000 ) ) ;
#2367 = ORIENTED_EDGE ( 'NONE', *, *, #70, .F. ) ;
#2368 = ORIENTED_EDGE ( 'NONE', *, *, #1912, .F. ) ;
#2369 = ORIENTED_EDGE ( 'NONE', *, *, #316, .T. ) ;
#2370 = PLANE ( 'NONE',  #99 ) ;
#2371 = ORIENTED_EDGE ( 'NONE', *, *, #473, .F. ) ;
#2372 = CARTESIAN_POINT ( 'NONE',  ( -0.2500000000000031600, 29.89999999999999500, -2.784375305759824500E-016 ) ) ;
#2373 = EDGE_CURVE ( 'NONE', #1500, #400, #628, .T. ) ;
#2374 = EDGE_CURVE ( 'NONE', #1289, #1506, #104, .T. ) ;
#2375 = EDGE_LOOP ( 'NONE', ( #2253, #2186, #946, #1920, #1313, #258 ) ) ;
#2376 = DIRECTION ( 'NONE',  ( 0.0000000000000000000, 0.0000000000000000000, 1.000000000000000000 ) ) ;
#2377 = CARTESIAN_POINT ( 'NONE',  ( 7.388689271024193200E-018, 0.6999999999999998400, 2.757496376080129000E-017 ) ) ;
#2378 = AXIS2_PLACEMENT_3D ( 'NONE', #2755, #2520, #1164 ) ;
#2379 = EDGE_CURVE ( 'NONE', #1683, #2009, #1307, .T. ) ;
#2380 = ORIENTED_EDGE ( 'NONE', *, *, #117, .T. ) ;
#2381 = DIRECTION ( 'NONE',  ( -0.8660254037844380400, 0.0000000000000000000, 0.5000000000000011100 ) ) ;
#2382 = AXIS2_PLACEMENT_3D ( 'NONE', #1299, #2848, #167 ) ;
#2383 = CARTESIAN_POINT ( 'NONE',  ( 2.372112369790304400E-015, 30.00000000000000000, 0.0000000000000000000 ) ) ;
#2384 = LINE ( 'NONE', #2151, #1993 ) ;
#2385 = DIRECTION ( 'NONE',  ( -7.878561074514640800E-017, -1.000000000000000000, -0.0000000000000000000 ) ) ;
#2386 = VECTOR ( 'NONE', #969, 1000.000000000000000 ) ;
#2387 = DIRECTION ( 'NONE',  ( -7.878561074514640800E-017, -1.000000000000000000, -0.0000000000000000000 ) ) ;
#2388 = VECTOR ( 'NONE', #2749, 1000.000000000000000 ) ;
#2389 = DIRECTION ( 'NONE',  ( 0.0000000000000000000, 0.0000000000000000000, -1.000000000000000000 ) ) ;
#2390 = VECTOR ( 'NONE', #1129, 1000.000000000000000 ) ;
#2391 = CIRCLE ( 'NONE', #2382, 0.3000000000000001000 ) ;
#2392 = DIRECTION ( 'NONE',  ( -1.000000000000000000, 0.0000000000000000000, 0.0000000000000000000 ) ) ;
#2393 = AXIS2_PLACEMENT_3D ( 'NONE', #2350, #2604, #2376 ) ;
#2394 = VECTOR ( 'NONE', #1245, 1000.000000000000000 ) ;
#2395 = CYLINDRICAL_SURFACE ( 'NONE', #346, 1.850000000000000300 ) ;
#2396 = CARTESIAN_POINT ( 'NONE',  ( 0.2499999999999978400, 29.89999999999999500, -2.200000241587944200E-016 ) ) ;
#2397 = DIRECTION ( 'NONE',  ( 0.0000000000000000000, -0.0000000000000000000, 1.000000000000000000 ) ) ;
#2398 = EDGE_CURVE ( 'NONE', #729, #2545, #1133, .T. ) ;
#2399 = EDGE_LOOP ( 'NONE', ( #1642, #1629, #2016, #881 ) ) ;
#2400 = EDGE_CURVE ( 'NONE', #2697, #710, #2785, .T. ) ;
#2401 = DIRECTION ( 'NONE',  ( 0.0000000000000000000, 0.0000000000000000000, -1.000000000000000000 ) ) ;
#2402 = ORIENTED_EDGE ( 'NONE', *, *, #1125, .F. ) ;
#2403 = AXIS2_PLACEMENT_3D ( 'NONE', #2850, #1481, #161 ) ;
#2404 = CARTESIAN_POINT ( 'NONE',  ( 3.363400986790727700, 4.644522809861920900, -1.941860465116284500 ) ) ;
#2405 = EDGE_LOOP ( 'NONE', ( #2329, #75, #166, #771 ) ) ;
#2406 = CARTESIAN_POINT ( 'NONE',  ( 3.861683577674804200, 29.89999999999999500, -0.2500000000000000000 ) ) ;
#2407 = ORIENTED_EDGE ( 'NONE', *, *, #2608, .T. ) ;
#2408 = VERTEX_POINT ( 'NONE', #828 ) ;
#2409 = CARTESIAN_POINT ( 'NONE',  ( 4.180403901718064700E-016, -2.516855555293633900E-032, -2.413557317978293100E-016 ) ) ;
#2410 = EDGE_LOOP ( 'NONE', ( #199, #2480, #366, #971 ) ) ;
#2411 = CARTESIAN_POINT ( 'NONE',  ( 1.181784161177196600E-016, 1.500000000000000400, 0.0000000000000000000 ) ) ;
#2412 = DIRECTION ( 'NONE',  ( 0.0000000000000000000, -1.000000000000000000, 0.0000000000000000000 ) ) ;
#2413 = ORIENTED_EDGE ( 'NONE', *, *, #2171, .F. ) ;
#2414 = DIRECTION ( 'NONE',  ( 1.000000000000000000, -5.328079247643046800E-017, 0.0000000000000000000 ) ) ;
#2415 = EDGE_CURVE ( 'NONE', #1806, #949, #2710, .T. ) ;
#2416 = ORIENTED_EDGE ( 'NONE', *, *, #1865, .T. ) ;
#2417 = CARTESIAN_POINT ( 'NONE',  ( 3.484241740807158600, 6.700000000000000200, -2.011627906976747300 ) ) ;
#2418 = CARTESIAN_POINT ( 'NONE',  ( 8.673617379884035500E-016, 6.700000000000000200, 0.0000000000000000000 ) ) ;
#2419 = AXIS2_PLACEMENT_3D ( 'NONE', #1923, #1901, #2834 ) ;
#2420 = LINE ( 'NONE', #1421, #1761 ) ;
#2421 = UNCERTAINTY_MEASURE_WITH_UNIT (LENGTH_MEASURE( 1.000000000000000100E-005 ), #1941, 'distance_accuracy_value', 'NONE');
#2422 = DIRECTION ( 'NONE',  ( -7.878561074514640800E-017, -1.000000000000000000, -0.0000000000000000000 ) ) ;
#2423 = CIRCLE ( 'NONE', #715, 3.869767441860462400 ) ;
#2424 = VECTOR ( 'NONE', #2864, 1000.000000000000000 ) ;
#2425 = ORIENTED_EDGE ( 'NONE', *, *, #2362, .F. ) ;
#2426 = AXIS2_PLACEMENT_3D ( 'NONE', #2404, #2162, #2381 ) ;
#2427 = CARTESIAN_POINT ( 'NONE',  ( 3.134915304991696500E-016, 29.69999999999999600, -1.169966319565426400E-015 ) ) ;
#2428 = DIRECTION ( 'NONE',  ( 0.0000000000000000000, 0.0000000000000000000, 1.000000000000000000 ) ) ;
#2429 = FACE_OUTER_BOUND ( 'NONE', #2410, .T. ) ;
#2430 = DIRECTION ( 'NONE',  ( -0.0000000000000000000, -1.000000000000000000, -0.0000000000000000000 ) ) ;
#2431 = VECTOR ( 'NONE', #1973, 1000.000000000000000 ) ;
#2432 = EDGE_CURVE ( 'NONE', #159, #2837, #213, .T. ) ;
#2433 = CIRCLE ( 'NONE', #1249, 5.000000000000000000 ) ;
#2434 = DIRECTION ( 'NONE',  ( -1.000000000000000000, 0.0000000000000000000, 0.0000000000000000000 ) ) ;
#2435 = DIRECTION ( 'NONE',  ( 0.8660254037844379300, 0.0000000000000000000, 0.5000000000000013300 ) ) ;
#2436 = CARTESIAN_POINT ( 'NONE',  ( 2.500000000000000000, 0.0000000000000000000, -9.184850993605148400E-017 ) ) ;
#2437 = ORIENTED_EDGE ( 'NONE', *, *, #1521, .F. ) ;
#2438 = EDGE_CURVE ( 'NONE', #1957, #494, #141, .T. ) ;
#2439 = ORIENTED_EDGE ( 'NONE', *, *, #2527, .T. ) ;
#2440 = AXIS2_PLACEMENT_3D ( 'NONE', #1740, #431, #2392 ) ;
#2441 = DIRECTION ( 'NONE',  ( -7.878561074514640800E-017, -1.000000000000000000, -0.0000000000000000000 ) ) ;
#2442 = VERTEX_POINT ( 'NONE', #1034 ) ;
#2443 = ORIENTED_EDGE ( 'NONE', *, *, #1280, .T. ) ;
#2444 = PLANE ( 'NONE',  #2204 ) ;
#2445 = DIRECTION ( 'NONE',  ( 0.0000000000000000000, 0.0000000000000000000, 1.000000000000000000 ) ) ;
#2446 = ORIENTED_EDGE ( 'NONE', *, *, #229, .F. ) ;
#2447 = VERTEX_POINT ( 'NONE', #998 ) ;
#2448 = DIRECTION ( 'NONE',  ( -7.878561074514640800E-017, -1.000000000000000000, -0.0000000000000000000 ) ) ;
#2449 = CARTESIAN_POINT ( 'NONE',  ( 0.2250000000000000100, 0.1000000000000000100, -2.238721733489895000 ) ) ;
#2450 = CARTESIAN_POINT ( 'NONE',  ( 0.2500000000000012800, 29.89999999999999500, 3.861683577674802900 ) ) ;
#2451 = EDGE_CURVE ( 'NONE', #148, #369, #1864, .T. ) ;
#2452 = CARTESIAN_POINT ( 'NONE',  ( -0.2250000000000000100, 0.1000000000000000100, 2.238721733489895000 ) ) ;
#2453 = EDGE_CURVE ( 'NONE', #11, #1762, #1859, .T. ) ;
#2454 = VECTOR ( 'NONE', #132, 1000.000000000000000 ) ;
#2455 = VECTOR ( 'NONE', #2647, 1000.000000000000000 ) ;
#2456 = AXIS2_PLACEMENT_3D ( 'NONE', #323, #1655, #576 ) ;
#2457 = LINE ( 'NONE', #1828, #2388 ) ;
#2458 = VECTOR ( 'NONE', #2030, 1000.000000000000000 ) ;
#2459 = CARTESIAN_POINT ( 'NONE',  ( -0.2250000000000000100, 0.1000000000000000100, 1.836266592845385600 ) ) ;
#2460 = DIRECTION ( 'NONE',  ( -0.5000000000000010000, -4.272023717955882700E-018, 0.8660254037844380400 ) ) ;
#2461 = PLANE ( 'NONE',  #642 ) ;
#2462 = FACE_OUTER_BOUND ( 'NONE', #2259, .T. ) ;
#2463 = VECTOR ( 'NONE', #2203, 1000.000000000000000 ) ;
#2464 = ADVANCED_FACE ( 'NONE', ( #1796 ), #158, .T. ) ;
#2465 = PRESENTATION_STYLE_ASSIGNMENT (( #2851 ) ) ;
#2466 = ORIENTED_EDGE ( 'NONE', *, *, #2505, .F. ) ;
#2467 = EDGE_CURVE ( 'NONE', #1461, #920, #2391, .T. ) ;
#2468 = ORIENTED_EDGE ( 'NONE', *, *, #1570, .T. ) ;
#2469 = ORIENTED_EDGE ( 'NONE', *, *, #878, .T. ) ;
#2470 = CARTESIAN_POINT ( 'NONE',  ( 0.0000000000000000000, -5.445246459068680000, 0.0000000000000000000 ) ) ;
#2471 = ORIENTED_EDGE ( 'NONE', *, *, #1296, .F. ) ;
#2472 = AXIS2_PLACEMENT_3D ( 'NONE', #727, #547, #528 ) ;
#2473 = CARTESIAN_POINT ( 'NONE',  ( 2.300539833758275100E-015, 29.19999999999999900, 0.0000000000000000000 ) ) ;
#2474 = ORIENTED_EDGE ( 'NONE', *, *, #900, .T. ) ;
#2475 = ORIENTED_EDGE ( 'NONE', *, *, #2772, .F. ) ;
#2476 = AXIS2_PLACEMENT_3D ( 'NONE', #1158, #513, #1177 ) ;
#2477 = ADVANCED_FACE ( 'NONE', ( #2602 ), #596, .T. ) ;
#2478 = CARTESIAN_POINT ( 'NONE',  ( 0.0000000000000000000, 0.0000000000000000000, 0.0000000000000000000 ) ) ;
#2479 = EDGE_LOOP ( 'NONE', ( #1545, #1802, #2481 ) ) ;
#2480 = ORIENTED_EDGE ( 'NONE', *, *, #2758, .T. ) ;
#2481 = ORIENTED_EDGE ( 'NONE', *, *, #176, .F. ) ;
#2482 = DIRECTION ( 'NONE',  ( -0.0000000000000000000, -1.000000000000000000, -0.0000000000000000000 ) ) ;
#2483 = DIRECTION ( 'NONE',  ( -0.5000000000000010000, 3.939280537257328400E-017, 0.8660254037844380400 ) ) ;
#2484 = AXIS2_PLACEMENT_3D ( 'NONE', #709, #1162, #1171 ) ;
#2485 = PLANE ( 'NONE',  #2484 ) ;
#2486 = CARTESIAN_POINT ( 'NONE',  ( 5.514992752160250700E-017, 0.7000000000000001800, 0.0000000000000000000 ) ) ;
#2487 = VECTOR ( 'NONE', #2133, 1000.000000000000000 ) ;
#2488 = VECTOR ( 'NONE', #1215, 1000.000000000000000 ) ;
#2489 = EDGE_CURVE ( 'NONE', #358, #2760, #1273, .T. ) ;
#2490 = DIRECTION ( 'NONE',  ( 1.000000000000000000, -4.802536467244269600E-019, 8.800000966351890300E-016 ) ) ;
#2491 = AXIS2_PLACEMENT_3D ( 'NONE', #1410, #2084, #2074 ) ;
#2492 = VECTOR ( 'NONE', #2209, 1000.000000000000000 ) ;
#2493 = DIRECTION ( 'NONE',  ( -0.0000000000000000000, 0.0000000000000000000, 1.000000000000000000 ) ) ;
#2494 = SHAPE_DEFINITION_REPRESENTATION ( #1361, #2693 ) ;
#2495 = LINE ( 'NONE', #1919, #2359 ) ;
#2496 = CARTESIAN_POINT ( 'NONE',  ( 4.069767441860467900, 1.199999999999999500, 0.0000000000000000000 ) ) ;
#2497 = DIRECTION ( 'NONE',  ( -7.878561074514640800E-017, -1.000000000000000000, -0.0000000000000000000 ) ) ;
#2498 = ORIENTED_EDGE ( 'NONE', *, *, #913, .F. ) ;
#2499 = DIRECTION ( 'NONE',  ( 0.5000000000000010000, -3.939280537257328400E-017, -0.8660254037844380400 ) ) ;
#2500 = ADVANCED_FACE ( 'NONE', ( #1729 ), #180, .T. ) ;
#2501 = DIRECTION ( 'NONE',  ( -0.0000000000000000000, 0.0000000000000000000, 1.000000000000000000 ) ) ;
#2502 = VERTEX_POINT ( 'NONE', #190 ) ;
#2503 = EDGE_CURVE ( 'NONE', #910, #2847, #903, .T. ) ;
#2504 = MANIFOLD_SOLID_BREP ( 'Pin 2 Mark', #861 ) ;
#2505 = EDGE_CURVE ( 'NONE', #1284, #2545, #686, .T. ) ;
#2506 = EDGE_LOOP ( 'NONE', ( #1116, #2407, #1537, #1562 ) ) ;
#2507 = ORIENTED_EDGE ( 'NONE', *, *, #2049, .F. ) ;
#2508 = CARTESIAN_POINT ( 'NONE',  ( 3.637306695894641200, 30.00000000000000000, 2.100000000000003600 ) ) ;
#2509 = CARTESIAN_POINT ( 'NONE',  ( 3.883720930232561900, 4.644522809861920900, 0.0000000000000000000 ) ) ;
#2510 = ORIENTED_EDGE ( 'NONE', *, *, #2095, .F. ) ;
#2511 = PLANE ( 'NONE',  #868 ) ;
#2512 = CLOSED_SHELL ( 'NONE', ( #992, #740, #1442, #1675, #265, #139, #1814, #1922, #308, #527, #325, #1265, #1246, #2532, #253, #1641 ) ) ;
#2513 = CARTESIAN_POINT ( 'NONE',  ( -4.192552921550301900, 29.74999999999999600, -0.2500000000000000000 ) ) ;
#2514 = ORIENTED_EDGE ( 'NONE', *, *, #2865, .F. ) ;
#2515 = CARTESIAN_POINT ( 'NONE',  ( -0.2500000000000028900, 29.89999999999999500, 0.2500000000000000000 ) ) ;
#2516 = CARTESIAN_POINT ( 'NONE',  ( 0.2250000000000000100, 0.1000000000000000100, -1.836266592845385600 ) ) ;
#2517 = EDGE_CURVE ( 'NONE', #2193, #2116, #2242, .T. ) ;
#2518 = CIRCLE ( 'NONE', #133, 3.869767441860462400 ) ;
#2519 = CIRCLE ( 'NONE', #280, 2.500000000000000000 ) ;
#2520 = DIRECTION ( 'NONE',  ( 0.0000000000000000000, 1.000000000000000000, 0.0000000000000000000 ) ) ;
#2521 = CIRCLE ( 'NONE', #2526, 3.869767441860462400 ) ;
#2522 = DIRECTION ( 'NONE',  ( -8.544047435911748400E-018, 1.000000000000000000, -0.0000000000000000000 ) ) ;
#2523 = VECTOR ( 'NONE', #2422, 1000.000000000000000 ) ;
#2524 = DIRECTION ( 'NONE',  ( -1.000000000000000000, 0.0000000000000000000, 0.0000000000000000000 ) ) ;
#2525 = LINE ( 'NONE', #701, #177 ) ;
#2526 = AXIS2_PLACEMENT_3D ( 'NONE', #522, #2718, #2524 ) ;
#2527 = EDGE_CURVE ( 'NONE', #978, #11, #2607, .T. ) ;
#2528 = FACE_OUTER_BOUND ( 'NONE', #607, .T. ) ;
#2529 = COLOUR_RGB ( '',0.7529411764705882200, 0.7529411764705882200, 0.7529411764705882200 ) ;
#2530 = DIRECTION ( 'NONE',  ( 1.000000000000000000, -7.992118871464570300E-017, 0.0000000000000000000 ) ) ;
#2531 = LINE ( 'NONE', #2594, #1829 ) ;
#2532 = ADVANCED_FACE ( 'NONE', ( #757 ), #2370, .F. ) ;
#2533 = PLANE ( 'NONE',  #1485 ) ;
#2534 = DIRECTION ( 'NONE',  ( 0.5000000000000008900, -3.939280537257327800E-017, 0.8660254037844381500 ) ) ;
#2535 = ORIENTED_EDGE ( 'NONE', *, *, #1041, .F. ) ;
#2536 = ORIENTED_EDGE ( 'NONE', *, *, #1997, .F. ) ;
#2537 = ORIENTED_EDGE ( 'NONE', *, *, #2505, .T. ) ;
#2538 = CARTESIAN_POINT ( 'NONE',  ( 3.637306695894641600, 30.00000000000000000, 2.100000000000003600 ) ) ;
#2539 = AXIS2_PLACEMENT_3D ( 'NONE', #517, #2036, #273 ) ;
#2540 = CARTESIAN_POINT ( 'NONE',  ( 5.514992752160250700E-017, 0.7000000000000001800, 0.0000000000000000000 ) ) ;
#2541 = ORIENTED_EDGE ( 'NONE', *, *, #636, .T. ) ;
#2542 = CARTESIAN_POINT ( 'NONE',  ( 5.514992752160250700E-017, 0.7000000000000001800, 0.0000000000000000000 ) ) ;
#2543 = DIRECTION ( 'NONE',  ( 0.0000000000000000000, 1.000000000000000000, 0.0000000000000000000 ) ) ;
#2544 = DIRECTION ( 'NONE',  ( -7.878561074514640800E-017, -1.000000000000000000, -0.0000000000000000000 ) ) ;
#2545 = VERTEX_POINT ( 'NONE', #2859 ) ;
#2546 = CLOSED_SHELL ( 'NONE', ( #500, #87, #1371, #2477 ) ) ;
#2547 = AXIS2_PLACEMENT_3D ( 'NONE', #1511, #443, #2397 ) ;
#2548 = EDGE_CURVE ( 'NONE', #1430, #1255, #100, .T. ) ;
#2549 = DIRECTION ( 'NONE',  ( -7.878561074514640800E-017, -1.000000000000000000, -0.0000000000000000000 ) ) ;
#2550 = EDGE_LOOP ( 'NONE', ( #2619, #1760 ) ) ;
#2551 = DIRECTION ( 'NONE',  ( 1.000000000000000000, -7.878561074514640800E-017, 0.0000000000000000000 ) ) ;
#2552 = AXIS2_PLACEMENT_3D ( 'NONE', #841, #819, #2581 ) ;
#2553 = ORIENTED_EDGE ( 'NONE', *, *, #1479, .T. ) ;
#2554 = CARTESIAN_POINT ( 'NONE',  ( 0.0000000000000000000, 0.0000000000000000000, 0.0000000000000000000 ) ) ;
#2555 = DIRECTION ( 'NONE',  ( -7.878561074514640800E-017, -1.000000000000000000, -0.0000000000000000000 ) ) ;
#2556 = FILL_AREA_STYLE_COLOUR ( '', #518 ) ;
#2557 = DIRECTION ( 'NONE',  ( -1.000000000000000000, 0.0000000000000000000, 0.0000000000000000000 ) ) ;
#2558 = VECTOR ( 'NONE', #1767, 1000.000000000000000 ) ;
#2559 = CARTESIAN_POINT ( 'NONE',  ( 2.566593635986891100E-032, 0.7000000000000001800, 0.0000000000000000000 ) ) ;
#2560 = LINE ( 'NONE', #1196, #685 ) ;
#2561 = FACE_OUTER_BOUND ( 'NONE', #463, .T. ) ;
#2562 = AXIS2_PLACEMENT_3D ( 'NONE', #877, #1970, #1282 ) ;
#2563 = CARTESIAN_POINT ( 'NONE',  ( 0.0000000000000000000, -17.00000000000000000, 0.0000000000000000000 ) ) ;
#2564 = ADVANCED_FACE ( 'NONE', ( #2180 ), #2110, .F. ) ;
#2565 = CARTESIAN_POINT ( 'NONE',  ( 4.336808689942017700E-016, 4.644522809861920900, 0.0000000000000000000 ) ) ;
#2566 = AXIS2_PLACEMENT_3D ( 'NONE', #1066, #2635, #1295 ) ;
#2567 = VECTOR ( 'NONE', #2430, 1000.000000000000000 ) ;
#2568 = CARTESIAN_POINT ( 'NONE',  ( 6.803734824663955500E-017, 1.199999999999999700, -1.530289096122959000E-017 ) ) ;
#2569 = DIRECTION ( 'NONE',  ( -0.5000000000000010000, -4.272023717955882700E-018, -0.8660254037844380400 ) ) ;
#2570 = MECHANICAL_DESIGN_GEOMETRIC_PRESENTATION_REPRESENTATION (  '', ( #1225 ), #606 ) ;
#2571 = CARTESIAN_POINT ( 'NONE',  ( 2.427999999999999900, 0.9500000000000002900, -0.5956643350075614400 ) ) ;
#2572 = CARTESIAN_POINT ( 'NONE',  ( 3.637306695894641200, 29.19999999999999900, -2.100000000000003600 ) ) ;
#2573 = ORIENTED_EDGE ( 'NONE', *, *, #2548, .F. ) ;
#2574 = EDGE_LOOP ( 'NONE', ( #1118, #1983, #2868, #2076 ) ) ;
#2575 = ORIENTED_EDGE ( 'NONE', *, *, #472, .F. ) ;
#2576 = DIRECTION ( 'NONE',  ( -7.878561074514640800E-017, -1.000000000000000000, -0.0000000000000000000 ) ) ;
#2577 = ORIENTED_EDGE ( 'NONE', *, *, #484, .T. ) ;
#2578 = ORIENTED_EDGE ( 'NONE', *, *, #2684, .F. ) ;
#2579 = DIRECTION ( 'NONE',  ( -1.000000000000000000, 4.802536467244269600E-019, 0.0000000000000000000 ) ) ;
#2580 = EDGE_CURVE ( 'NONE', #2502, #1469, #240, .T. ) ;
#2581 = DIRECTION ( 'NONE',  ( -0.8660254037844379300, -6.216092455583557400E-015, 0.5000000000000011100 ) ) ;
#2582 = ORIENTED_EDGE ( 'NONE', *, *, #2841, .T. ) ;
#2583 = ORIENTED_EDGE ( 'NONE', *, *, #618, .F. ) ;
#2584 = DIRECTION ( 'NONE',  ( 1.000000000000000000, 0.0000000000000000000, 0.0000000000000000000 ) ) ;
#2585 = DIRECTION ( 'NONE',  ( 1.000000000000000000, 0.0000000000000000000, 0.0000000000000000000 ) ) ;
#2586 = DIRECTION ( 'NONE',  ( -8.544047435911748400E-018, 1.000000000000000000, -0.0000000000000000000 ) ) ;
#2587 = ORIENTED_EDGE ( 'NONE', *, *, #1750, .F. ) ;
#2588 = EDGE_CURVE ( 'NONE', #332, #408, #307, .T. ) ;
#2589 = ORIENTED_EDGE ( 'NONE', *, *, #2014, .F. ) ;
#2590 = CARTESIAN_POINT ( 'NONE',  ( 5.514992752160250700E-017, 0.7000000000000001800, 0.0000000000000000000 ) ) ;
#2591 = AXIS2_PLACEMENT_3D ( 'NONE', #2650, #875, #1759 ) ;
#2592 = DIRECTION ( 'NONE',  ( 8.800000966351891300E-016, 0.0000000000000000000, -1.000000000000000000 ) ) ;
#2593 = DIRECTION ( 'NONE',  ( 4.802536467244269600E-019, 1.000000000000000000, 0.0000000000000000000 ) ) ;
#2594 = CARTESIAN_POINT ( 'NONE',  ( 6.556132399156322400E-016, 0.7000000000000001800, 1.135555441648715800E-015 ) ) ;
#2595 = ADVANCED_FACE ( 'NONE', ( #1657 ), #1934, .F. ) ;
#2596 = CARTESIAN_POINT ( 'NONE',  ( -0.2250000000000000100, 0.0000000000000000000, 2.238721733489895000 ) ) ;
#2597 = VECTOR ( 'NONE', #2592, 1000.000000000000000 ) ;
#2598 = FACE_OUTER_BOUND ( 'NONE', #1496, .T. ) ;
#2599 = AXIS2_PLACEMENT_3D ( 'NONE', #2243, #2871, #1344 ) ;
#2600 = CIRCLE ( 'NONE', #2091, 2.500000000000000000 ) ;
#2601 = CARTESIAN_POINT ( 'NONE',  ( 6.898056177902270200E-016, 8.755477190138080300, 0.0000000000000000000 ) ) ;
#2602 = FACE_OUTER_BOUND ( 'NONE', #2811, .T. ) ;
#2603 = DIRECTION ( 'NONE',  ( -1.000000000000000000, 0.0000000000000000000, 0.0000000000000000000 ) ) ;
#2604 = DIRECTION ( 'NONE',  ( -0.0000000000000000000, 1.000000000000000000, 0.0000000000000000000 ) ) ;
#2605 = TOROIDAL_SURFACE ( 'NONE', #915, 4.200000000000001100, 0.8000000000000002700 ) ;
#2606 = CARTESIAN_POINT ( 'NONE',  ( 1.050850208202475000E-015, 29.74999999999999600, 0.0000000000000000000 ) ) ;
#2607 = CIRCLE ( 'NONE', #1633, 1.850000000000000300 ) ;
#2608 = EDGE_CURVE ( 'NONE', #1568, #1508, #1583, .T. ) ;
#2609 = FACE_OUTER_BOUND ( 'NONE', #1004, .T. ) ;
#2610 = AXIS2_PLACEMENT_3D ( 'NONE', #1928, #2385, #1907 ) ;
#2611 = EDGE_LOOP ( 'NONE', ( #708, #2282, #1128, #1982 ) ) ;
#2612 = DIRECTION ( 'NONE',  ( 1.000000000000000000, -7.878561074514642100E-017, 0.0000000000000000000 ) ) ;
#2613 = DIRECTION ( 'NONE',  ( -1.000000000000000000, 4.802536467244269600E-019, 0.0000000000000000000 ) ) ;
#2614 = ORIENTED_EDGE ( 'NONE', *, *, #1590, .F. ) ;
#2615 = EDGE_LOOP ( 'NONE', ( #1055, #612, #1782, #1113, #2039, #1847, #1808, #2446, #2757, #988, #2255, #1251 ) ) ;
#2616 = VERTEX_POINT ( 'NONE', #2459 ) ;
#2617 = CARTESIAN_POINT ( 'NONE',  ( 4.341076823201015900E-016, 5.509986889920058100, 0.0000000000000000000 ) ) ;
#2618 = ORIENTED_EDGE ( 'NONE', *, *, #25, .T. ) ;
#2619 = ORIENTED_EDGE ( 'NONE', *, *, #671, .F. ) ;
#2620 = ORIENTED_EDGE ( 'NONE', *, *, #2882, .F. ) ;
#2621 = SURFACE_STYLE_USAGE ( .BOTH. , #1060 ) ;
#2622 = VERTEX_POINT ( 'NONE', #4 ) ;
#2623 = DIRECTION ( 'NONE',  ( 0.0000000000000000000, 0.0000000000000000000, -1.000000000000000000 ) ) ;
#2624 = EDGE_CURVE ( 'NONE', #908, #494, #311, .T. ) ;
#2625 = ORIENTED_EDGE ( 'NONE', *, *, #2624, .F. ) ;
#2626 = CARTESIAN_POINT ( 'NONE',  ( 5.936688960052717200E-016, 29.69999999999999600, -1.028264690754452000E-015 ) ) ;
#2627 = DIRECTION ( 'NONE',  ( 0.0000000000000000000, 0.0000000000000000000, -1.000000000000000000 ) ) ;
#2628 = AXIS2_PLACEMENT_3D ( 'NONE', #2801, #2361, #2138 ) ;
#2629 = AXIS2_PLACEMENT_3D ( 'NONE', #1266, #1086, #2414 ) ;
#2630 = DIRECTION ( 'NONE',  ( 0.0000000000000000000, 0.0000000000000000000, 1.000000000000000000 ) ) ;
#2631 = CIRCLE ( 'NONE', #2294, 2.250000000000000400 ) ;
#2632 = DIRECTION ( 'NONE',  ( -7.878561074514640800E-017, -1.000000000000000000, -0.0000000000000000000 ) ) ;
#2633 = FACE_OUTER_BOUND ( 'NONE', #2651, .T. ) ;
#2634 = FACE_OUTER_BOUND ( 'NONE', #889, .T. ) ;
#2635 = DIRECTION ( 'NONE',  ( 0.0000000000000000000, 1.000000000000000000, 0.0000000000000000000 ) ) ;
#2636 = CYLINDRICAL_SURFACE ( 'NONE', #1327, 0.3000000000000001000 ) ;
#2637 = VERTEX_POINT ( 'NONE', #2449 ) ;
#2638 = CARTESIAN_POINT ( 'NONE',  ( 3.524521992145970700, 4.295749576176863700E-017, 2.034883720930237900 ) ) ;
#2639 = FILL_AREA_STYLE_COLOUR ( '', #2178 ) ;
#2640 = CIRCLE ( 'NONE', #1199, 0.7999999999999997100 ) ;
#2641 = TOROIDAL_SURFACE ( 'NONE', #887, 4.200000000000001100, 0.8000000000000002700 ) ;
#2642 = FILL_AREA_STYLE ('',( #1755 ) ) ;
#2643 = CARTESIAN_POINT ( 'NONE',  ( 1.050850208202475000E-015, 29.74999999999999600, 0.0000000000000000000 ) ) ;
#2644 = DIRECTION ( 'NONE',  ( 1.000000000000000000, -8.673617379884034200E-017, 0.0000000000000000000 ) ) ;
#2645 = CIRCLE ( 'NONE', #1452, 0.5999999999999998700 ) ;
#2646 = DIRECTION ( 'NONE',  ( -7.878561074514640800E-017, -1.000000000000000000, -0.0000000000000000000 ) ) ;
#2647 = DIRECTION ( 'NONE',  ( -0.0000000000000000000, 1.000000000000000000, -0.0000000000000000000 ) ) ;
#2648 = CLOSED_SHELL ( 'NONE', ( #2308, #35, #487, #74, #2073, #1231, #726, #2140, #2595, #1214, #341, #2360, #2828, #2745, #772, #1029, #1804, #1582, #974, #2234, #1039, #1702, #573, #1167, #165, #1391, #125, #1838, #806, #1182, #2055, #759, #2701, #361, #2814, #375, #296, #1457, #2126, #794, #2730 ) ) ;
#2649 = EDGE_CURVE ( 'NONE', #1873, #1532, #928, .T. ) ;
#2650 = CARTESIAN_POINT ( 'NONE',  ( 3.637306695894641200, 1.500000000000000200, 2.100000000000005000 ) ) ;
#2651 = EDGE_LOOP ( 'NONE', ( #936, #702, #2575, #78, #526, #2006, #1252, #2468, #1059, #121, #1283, #604, #334, #1355, #1530, #890 ) ) ;
#2652 = AXIS2_PLACEMENT_3D ( 'NONE', #2509, #551, #2285 ) ;
#2653 = ORIENTED_EDGE ( 'NONE', *, *, #2398, .F. ) ;
#2654 = VERTEX_POINT ( 'NONE', #478 ) ;
#2655 = CARTESIAN_POINT ( 'NONE',  ( 4.330127018922191900, 29.19999999999999900, -2.500000000000004000 ) ) ;
#2656 = ORIENTED_EDGE ( 'NONE', *, *, #1432, .T. ) ;
#2657 = ORIENTED_EDGE ( 'NONE', *, *, #682, .F. ) ;
#2658 = CARTESIAN_POINT ( 'NONE',  ( 0.0000000000000000000, 0.0000000000000000000, 0.0000000000000000000 ) ) ;
#2659 = VERTEX_POINT ( 'NONE', #469 ) ;
#2660 = CARTESIAN_POINT ( 'NONE',  ( 4.813490034987924400, 6.700000000000000200, 2.779069767441866300 ) ) ;
#2661 = EDGE_LOOP ( 'NONE', ( #2371, #327, #693, #2726 ) ) ;
#2662 = DIRECTION ( 'NONE',  ( 0.0000000000000000000, -1.000000000000000000, 0.0000000000000000000 ) ) ;
#2663 = DIRECTION ( 'NONE',  ( -7.878561074514640800E-017, -1.000000000000000000, -0.0000000000000000000 ) ) ;
#2664 = EDGE_CURVE ( 'NONE', #408, #400, #2068, .T. ) ;
#2665 = DIRECTION ( 'NONE',  ( 0.8660254037844381500, 1.055527038717743200E-017, -0.5000000000000008900 ) ) ;
#2666 = ORIENTED_EDGE ( 'NONE', *, *, #1667, .T. ) ;
#2667 = ORIENTED_EDGE ( 'NONE', *, *, #1049, .T. ) ;
#2668 = EDGE_CURVE ( 'NONE', #696, #1628, #550, .T. ) ;
#2669 = DIRECTION ( 'NONE',  ( 1.000000000000000000, 0.0000000000000000000, 0.0000000000000000000 ) ) ;
#2670 = CIRCLE ( 'NONE', #1404, 2.500000000000000000 ) ;
#2671 = FACE_OUTER_BOUND ( 'NONE', #2341, .T. ) ;
#2672 = CARTESIAN_POINT ( 'NONE',  ( 3.363400986790727700, 4.644522809861920900, 1.941860465116284500 ) ) ;
#2673 = DIRECTION ( 'NONE',  ( -7.878561074514640800E-017, -1.000000000000000000, -0.0000000000000000000 ) ) ;
#2674 = CIRCLE ( 'NONE', #1234, 2.250000000000000400 ) ;
#2675 = VECTOR ( 'NONE', #1185, 1000.000000000000000 ) ;
#2676 = VECTOR ( 'NONE', #846, 1000.000000000000000 ) ;
#2677 = EDGE_CURVE ( 'NONE', #1539, #1917, #838, .T. ) ;
#2678 = FACE_OUTER_BOUND ( 'NONE', #588, .T. ) ;
#2679 = CARTESIAN_POINT ( 'NONE',  ( -0.2250000000000000100, 0.0000000000000000000, 15.00000000000000700 ) ) ;
#2680 = CARTESIAN_POINT ( 'NONE',  ( 0.2250000000000000100, 0.0000000000000000000, 1.836266592845385200 ) ) ;
#2681 = VERTEX_POINT ( 'NONE', #1555 ) ;
#2682 = AXIS2_PLACEMENT_3D ( 'NONE', #317, #750, #1598 ) ;
#2683 = EDGE_LOOP ( 'NONE', ( #1398, #1471, #1031, #2587 ) ) ;
#2684 = EDGE_CURVE ( 'NONE', #1135, #973, #388, .T. ) ;
#2685 = ORIENTED_EDGE ( 'NONE', *, *, #2219, .F. ) ;
#2686 = AXIS2_PLACEMENT_3D ( 'NONE', #2590, #2829, #1478 ) ;
#2687 = CARTESIAN_POINT ( 'NONE',  ( -2.500000000000000000, 1.200000000000000000, 0.0000000000000000000 ) ) ;
#2688 = VERTEX_POINT ( 'NONE', #2212 ) ;
#2689 = CARTESIAN_POINT ( 'NONE',  ( -0.2250000000000000100, -5.445246459068680000, -2.489854413414567300 ) ) ;
#2690 = EDGE_LOOP ( 'NONE', ( #638, #1809, #364, #815 ) ) ;
#2691 = DIRECTION ( 'NONE',  ( -1.000000000000000000, 0.0000000000000000000, -0.0000000000000000000 ) ) ;
#2692 = CARTESIAN_POINT ( 'NONE',  ( -2.500000000000000000, -17.00000000000000000, 0.3000000000000001000 ) ) ;
#2693 = ADVANCED_BREP_SHAPE_REPRESENTATION ( 'EEUFC0J272L', ( #452, #1372, #1561, #1258, #2504, #1789 ), #1087 ) ;
#2694 = ORIENTED_EDGE ( 'NONE', *, *, #1590, .T. ) ;
#2695 = EDGE_LOOP ( 'NONE', ( #505, #1397, #814, #2795 ) ) ;
#2696 = AXIS2_PLACEMENT_3D ( 'NONE', #743, #2277, #2712 ) ;
#2697 = VERTEX_POINT ( 'NONE', #1781 ) ;
#2698 = CARTESIAN_POINT ( 'NONE',  ( -0.2250000000000000100, -5.445246459068680000, 2.489854413414567300 ) ) ;
#2699 = AXIS2_PLACEMENT_3D ( 'NONE', #1529, #1536, #1553 ) ;
#2700 = EDGE_CURVE ( 'NONE', #737, #2756, #1414, .T. ) ;
#2701 = ADVANCED_FACE ( 'NONE', ( #423 ), #243, .F. ) ;
#2702 = CIRCLE ( 'NONE', #540, 1.534883720930232800 ) ;
#2703 = VECTOR ( 'NONE', #896, 1000.000000000000000 ) ;
#2704 = CARTESIAN_POINT ( 'NONE',  ( 7.388689271024199400E-018, 0.6999999999999998400, -2.757496376080129700E-017 ) ) ;
#2705 = AXIS2_PLACEMENT_3D ( 'NONE', #1278, #2627, #866 ) ;
#2706 = CIRCLE ( 'NONE', #1991, 1.534883720930232800 ) ;
#2707 = CARTESIAN_POINT ( 'NONE',  ( 2.500000000000000000, 0.9499999999999998400, 0.3000000000000005400 ) ) ;
#2708 = ORIENTED_EDGE ( 'NONE', *, *, #603, .F. ) ;
#2709 = VECTOR ( 'NONE', #2838, 1000.000000000000000 ) ;
#2710 = LINE ( 'NONE', #1663, #931 ) ;
#2711 = CYLINDRICAL_SURFACE ( 'NONE', #1347, 2.500000000000000000 ) ;
#2712 = DIRECTION ( 'NONE',  ( -1.000000000000000000, 8.673617379884035500E-017, 0.0000000000000000000 ) ) ;
#2713 = ORIENTED_EDGE ( 'NONE', *, *, #294, .F. ) ;
#2714 = DIRECTION ( 'NONE',  ( 0.5000000000000010000, 4.272023717955882700E-018, 0.8660254037844380400 ) ) ;
#2715 = AXIS2_PLACEMENT_3D ( 'NONE', #667, #2441, #651 ) ;
#2716 = VERTEX_POINT ( 'NONE', #1379 ) ;
#2717 = EDGE_CURVE ( 'NONE', #1141, #53, #2525, .T. ) ;
#2718 = DIRECTION ( 'NONE',  ( 4.802536467244269600E-019, 1.000000000000000000, 0.0000000000000000000 ) ) ;
#2719 = VERTEX_POINT ( 'NONE', #1154 ) ;
#2720 = AXIS2_PLACEMENT_3D ( 'NONE', #429, #413, #1304 ) ;
#2721 = DIRECTION ( 'NONE',  ( -7.878561074514640800E-017, -1.000000000000000000, -0.0000000000000000000 ) ) ;
#2722 = VERTEX_POINT ( 'NONE', #2037 ) ;
#2723 = ORIENTED_EDGE ( 'NONE', *, *, #1272, .T. ) ;
#2724 = CARTESIAN_POINT ( 'NONE',  ( 2.374675584021077400E-015, 29.69999999999999600, 0.0000000000000000000 ) ) ;
#2725 = AXIS2_PLACEMENT_3D ( 'NONE', #886, #1987, #2434 ) ;
#2726 = ORIENTED_EDGE ( 'NONE', *, *, #1849, .F. ) ;
#2727 = CARTESIAN_POINT ( 'NONE',  ( 0.0000000000000000000, 0.0000000000000000000, 0.0000000000000000000 ) ) ;
#2728 = CARTESIAN_POINT ( 'NONE',  ( 2.427999999999999900, 0.0000000000000000000, 0.5956643350075613300 ) ) ;
#2729 = VERTEX_POINT ( 'NONE', #278 ) ;
#2730 = ADVANCED_FACE ( 'NONE', ( #906 ), #716, .T. ) ;
#2731 = VERTEX_POINT ( 'NONE', #39 ) ;
#2732 = PLANE ( 'NONE',  #945 ) ;
#2733 = EDGE_CURVE ( 'NONE', #1320, #233, #2001, .T. ) ;
#2734 = CARTESIAN_POINT ( 'NONE',  ( 4.330127018922191900, 8.755477190138080300, -2.500000000000004900 ) ) ;
#2735 = DIRECTION ( 'NONE',  ( -4.802536467244269600E-019, -1.000000000000000000, -0.0000000000000000000 ) ) ;
#2736 = DIRECTION ( 'NONE',  ( -1.000000000000000000, 0.0000000000000000000, -0.0000000000000000000 ) ) ;
#2737 = CARTESIAN_POINT ( 'NONE',  ( 3.659215661947349200E-016, 4.644522809861920900, 0.0000000000000000000 ) ) ;
#2738 = LINE ( 'NONE', #2286, #510 ) ;
#2739 = VECTOR ( 'NONE', #2586, 1000.000000000000000 ) ;
#2740 = EDGE_CURVE ( 'NONE', #228, #1094, #1488, .T. ) ;
#2741 = CIRCLE ( 'NONE', #309, 1.116279069767440700 ) ;
#2742 = DIRECTION ( 'NONE',  ( 1.000000000000000000, -7.878561074514640800E-017, 0.0000000000000000000 ) ) ;
#2743 = TOROIDAL_SURFACE ( 'NONE', #622, 5.558139534883721900, 1.534883720930233100 ) ;
#2744 = SURFACE_STYLE_USAGE ( .BOTH. , #1016 ) ;
#2745 = ADVANCED_FACE ( 'NONE', ( #1937 ), #1338, .T. ) ;
#2746 = DIRECTION ( 'NONE',  ( 1.000000000000000000, -7.878561074514640800E-017, 0.0000000000000000000 ) ) ;
#2747 = VECTOR ( 'NONE', #2894, 1000.000000000000000 ) ;
#2748 = CARTESIAN_POINT ( 'NONE',  ( 2.427999999999999500, -5.445246459068680000, -0.5956643350075633300 ) ) ;
#2749 = DIRECTION ( 'NONE',  ( 8.800000966351891300E-016, 0.0000000000000000000, -1.000000000000000000 ) ) ;
#2750 = FACE_OUTER_BOUND ( 'NONE', #2132, .T. ) ;
#2751 = CARTESIAN_POINT ( 'NONE',  ( 2.363568322354392200E-015, 30.00000000000000000, 0.0000000000000000000 ) ) ;
#2752 = AXIS2_PLACEMENT_3D ( 'NONE', #2473, #2646, #1737 ) ;
#2753 = ORIENTED_EDGE ( 'NONE', *, *, #1927, .T. ) ;
#2754 = CARTESIAN_POINT ( 'NONE',  ( 0.0000000000000000000, 0.0000000000000000000, 0.0000000000000000000 ) ) ;
#2755 = CARTESIAN_POINT ( 'NONE',  ( 0.0000000000000000000, 0.0000000000000000000, 0.0000000000000000000 ) ) ;
#2756 = VERTEX_POINT ( 'NONE', #502 ) ;
#2757 = ORIENTED_EDGE ( 'NONE', *, *, #2343, .T. ) ;
#2758 = EDGE_CURVE ( 'NONE', #2792, #1436, #836, .T. ) ;
#2759 = EDGE_CURVE ( 'NONE', #1565, #492, #1008, .T. ) ;
#2760 = VERTEX_POINT ( 'NONE', #2496 ) ;
#2761 = AXIS2_PLACEMENT_3D ( 'NONE', #2322, #2555, #2302 ) ;
#2762 = VERTEX_POINT ( 'NONE', #1130 ) ;
#2763 = CARTESIAN_POINT ( 'NONE',  ( 4.588739290085682000, 5.509986889920057300, 0.0000000000000000000 ) ) ;
#2764 = ORIENTED_EDGE ( 'NONE', *, *, #1241, .F. ) ;
#2765 = DIRECTION ( 'NONE',  ( 1.000000000000000000, 0.0000000000000000000, 0.0000000000000000000 ) ) ;
#2766 = DIRECTION ( 'NONE',  ( 0.0000000000000000000, -1.000000000000000000, 0.0000000000000000000 ) ) ;
#2767 = DIRECTION ( 'NONE',  ( 0.0000000000000000000, 1.000000000000000000, 0.0000000000000000000 ) ) ;
#2768 = ORIENTED_EDGE ( 'NONE', *, *, #2588, .T. ) ;
#2769 = DIRECTION ( 'NONE',  ( 1.000000000000000000, -7.878561074514640800E-017, 0.0000000000000000000 ) ) ;
#2770 = CARTESIAN_POINT ( 'NONE',  ( 0.2250000000000000100, 0.1000000000000000100, 2.238721733489895000 ) ) ;
#2771 = CARTESIAN_POINT ( 'NONE',  ( 0.0000000000000000000, -5.445246459068680000, 0.0000000000000000000 ) ) ;
#2772 = EDGE_CURVE ( 'NONE', #2637, #11, #626, .T. ) ;
#2773 = CARTESIAN_POINT ( 'NONE',  ( 3.524521992145971600, 0.9499999999999999600, 2.034883720930236600 ) ) ;
#2774 = FACE_OUTER_BOUND ( 'NONE', #2375, .T. ) ;
#2775 = ADVANCED_FACE ( 'NONE', ( #874 ), #1526, .T. ) ;
#2776 = CARTESIAN_POINT ( 'NONE',  ( 2.190500000000000100, 0.05000000000000000300, -0.5140133753123555800 ) ) ;
#2777 = FACE_OUTER_BOUND ( 'NONE', #1173, .T. ) ;
#2778 = CARTESIAN_POINT ( 'NONE',  ( 5.514992752160250700E-017, 0.7000000000000001800, 0.0000000000000000000 ) ) ;
#2779 = CIRCLE ( 'NONE', #2699, 1.534883720930232600 ) ;
#2780 = PLANE ( 'NONE',  #1107 ) ;
#2781 = VECTOR ( 'NONE', #2878, 1000.000000000000000 ) ;
#2782 = AXIS2_PLACEMENT_3D ( 'NONE', #2565, #1514, #1749 ) ;
#2783 = DIRECTION ( 'NONE',  ( 0.8660254037844380400, 7.770115569479459600E-016, -0.5000000000000011100 ) ) ;
#2784 = CARTESIAN_POINT ( 'NONE',  ( -2.500000000000000000, 1.200000000000000000, 0.0000000000000000000 ) ) ;
#2785 = CIRCLE ( 'NONE', #1052, 1.116279069767440300 ) ;
#2786 = CARTESIAN_POINT ( 'NONE',  ( 0.2250000000000000100, 0.0000000000000000000, -1.836266592845385600 ) ) ;
#2787 = LINE ( 'NONE', #105, #2113 ) ;
#2788 = STYLED_ITEM ( 'NONE', ( #1522 ), #2504 ) ;
#2789 = DIRECTION ( 'NONE',  ( -7.878561074514640800E-017, -1.000000000000000000, 0.0000000000000000000 ) ) ;
#2790 = FACE_OUTER_BOUND ( 'NONE', #43, .T. ) ;
#2791 = DIRECTION ( 'NONE',  ( 4.802536467244269600E-019, 1.000000000000000000, 0.0000000000000000000 ) ) ;
#2792 = VERTEX_POINT ( 'NONE', #2093 ) ;
#2793 = DIRECTION ( 'NONE',  ( 0.0000000000000000000, -0.0000000000000000000, 1.000000000000000000 ) ) ;
#2794 = ADVANCED_FACE ( 'NONE', ( #594 ), #933, .F. ) ;
#2795 = ORIENTED_EDGE ( 'NONE', *, *, #2846, .F. ) ;
#2796 = PLANE ( 'NONE',  #218 ) ;
#2797 = ORIENTED_EDGE ( 'NONE', *, *, #671, .T. ) ;
#2798 = ORIENTED_EDGE ( 'NONE', *, *, #1272, .F. ) ;
#2799 = DIRECTION ( 'NONE',  ( 0.8660254037844380400, -6.823034035796898300E-017, -0.5000000000000010000 ) ) ;
#2800 = CARTESIAN_POINT ( 'NONE',  ( 6.803734824663955500E-017, 1.199999999999999700, 1.530289096122958700E-017 ) ) ;
#2801 = CARTESIAN_POINT ( 'NONE',  ( 3.883720930232560200, 8.755477190138080300, 0.0000000000000000000 ) ) ;
#2802 = ORIENTED_EDGE ( 'NONE', *, *, #2256, .F. ) ;
#2803 = ORIENTED_EDGE ( 'NONE', *, *, #536, .T. ) ;
#2804 = EDGE_CURVE ( 'NONE', #2719, #374, #486, .T. ) ;
#2805 = VERTEX_POINT ( 'NONE', #1857 ) ;
#2806 = DIRECTION ( 'NONE',  ( -7.878561074514640800E-017, -1.000000000000000000, 0.0000000000000000000 ) ) ;
#2807 = AXIS2_PLACEMENT_3D ( 'NONE', #2298, #320, #987 ) ;
#2808 = VERTEX_POINT ( 'NONE', #994 ) ;
#2809 = CARTESIAN_POINT ( 'NONE',  ( 1.050850208202475000E-015, 29.74999999999999600, 0.0000000000000000000 ) ) ;
#2810 = CARTESIAN_POINT ( 'NONE',  ( -2.500000000000000000, 0.9500000000000002900, -9.184850993605148400E-017 ) ) ;
#2811 = EDGE_LOOP ( 'NONE', ( #1915, #1597 ) ) ;
#2812 = CARTESIAN_POINT ( 'NONE',  ( 4.330127018922191900, 4.644522809861920900, -2.500000000000004000 ) ) ;
#2813 = DIRECTION ( 'NONE',  ( -1.000000000000000000, 0.0000000000000000000, 0.0000000000000000000 ) ) ;
#2814 = ADVANCED_FACE ( 'NONE', ( #3 ), #2395, .T. ) ;
#2815 = DIRECTION ( 'NONE',  ( 0.8660254037844382600, 0.0000000000000000000, 0.5000000000000007800 ) ) ;
#2816 = CARTESIAN_POINT ( 'NONE',  ( 3.861683577674804200, 29.89999999999999500, 0.2500000000000000000 ) ) ;
#2817 = DIRECTION ( 'NONE',  ( 0.0000000000000000000, 1.000000000000000000, 0.0000000000000000000 ) ) ;
#2818 = CYLINDRICAL_SURFACE ( 'NONE', #960, 2.500000000000000000 ) ;
#2819 = DIRECTION ( 'NONE',  ( -7.878561074514640800E-017, -1.000000000000000000, -0.0000000000000000000 ) ) ;
#2820 = VECTOR ( 'NONE', #804, 1000.000000000000000 ) ;
#2821 = EDGE_CURVE ( 'NONE', #2792, #1532, #720, .T. ) ;
#2822 = CARTESIAN_POINT ( 'NONE',  ( 3.134915304991697000E-016, 29.69999999999999600, 1.169966319565426200E-015 ) ) ;
#2823 = DIRECTION ( 'NONE',  ( -1.000000000000000000, 7.878561074514640800E-017, 0.0000000000000000000 ) ) ;
#2824 = VECTOR ( 'NONE', #1156, 1000.000000000000000 ) ;
#2825 = EDGE_CURVE ( 'NONE', #1874, #437, #2273, .T. ) ;
#2826 = TOROIDAL_SURFACE ( 'NONE', #2849, 5.558139534883721900, 1.534883720930233100 ) ;
#2827 = FACE_OUTER_BOUND ( 'NONE', #1144, .T. ) ;
#2828 = ADVANCED_FACE ( 'NONE', ( #274 ), #2641, .T. ) ;
#2829 = DIRECTION ( 'NONE',  ( -7.878561074514640800E-017, -1.000000000000000000, -0.0000000000000000000 ) ) ;
#2830 = DIRECTION ( 'NONE',  ( -7.878561074514640800E-017, -1.000000000000000000, -0.0000000000000000000 ) ) ;
#2831 = CARTESIAN_POINT ( 'NONE',  ( 0.0000000000000000000, -5.445246459068680000, 2.500000000000000000 ) ) ;
#2832 = VECTOR ( 'NONE', #292, 1000.000000000000000 ) ;
#2833 = PLANE ( 'NONE',  #2287 ) ;
#2834 = DIRECTION ( 'NONE',  ( 1.000000000000000000, -7.878561074514642100E-017, 0.0000000000000000000 ) ) ;
#2835 = ORIENTED_EDGE ( 'NONE', *, *, #1962, .F. ) ;
#2836 = ORIENTED_EDGE ( 'NONE', *, *, #1112, .F. ) ;
#2837 = VERTEX_POINT ( 'NONE', #2082 ) ;
#2838 = DIRECTION ( 'NONE',  ( -0.0000000000000000000, 1.000000000000000000, -0.0000000000000000000 ) ) ;
#2839 = EDGE_LOOP ( 'NONE', ( #1433, #744, #76, #2886, #2364 ) ) ;
#2840 = DIRECTION ( 'NONE',  ( 0.0000000000000000000, 0.0000000000000000000, 1.000000000000000000 ) ) ;
#2841 = EDGE_CURVE ( 'NONE', #1565, #2731, #2357, .T. ) ;
#2842 = VERTEX_POINT ( 'NONE', #1219 ) ;
#2843 = DIRECTION ( 'NONE',  ( -7.878561074514640800E-017, -1.000000000000000000, 0.0000000000000000000 ) ) ;
#2844 = DIRECTION ( 'NONE',  ( 0.8660254037844381500, 1.055527038717743200E-017, -0.5000000000000008900 ) ) ;
#2845 = ORIENTED_EDGE ( 'NONE', *, *, #2049, .T. ) ;
#2846 = EDGE_CURVE ( 'NONE', #2805, #1506, #2787, .T. ) ;
#2847 = VERTEX_POINT ( 'NONE', #2319 ) ;
#2848 = DIRECTION ( 'NONE',  ( 0.0000000000000000000, 1.000000000000000000, 0.0000000000000000000 ) ) ;
#2849 = AXIS2_PLACEMENT_3D ( 'NONE', #1875, #2497, #1385 ) ;
#2850 = CARTESIAN_POINT ( 'NONE',  ( 2.300539833758275100E-015, 29.19999999999999900, 0.0000000000000000000 ) ) ;
#2851 = SURFACE_STYLE_USAGE ( .BOTH. , #206 ) ;
#2852 = CARTESIAN_POINT ( 'NONE',  ( -0.2250000000000000100, 0.8000000000000000400, 15.00000000000000700 ) ) ;
#2853 = ORIENTED_EDGE ( 'NONE', *, *, #1486, .T. ) ;
#2854 = CARTESIAN_POINT ( 'NONE',  ( -2.190500000000000100, 0.1000000000000000100, 0.5140133753123551400 ) ) ;
#2855 = CIRCLE ( 'NONE', #2378, 2.500000000000000000 ) ;
#2856 = AXIS2_PLACEMENT_3D ( 'NONE', #1584, #1354, #300 ) ;
#2857 = TOROIDAL_SURFACE ( 'NONE', #1585, 3.883720930232558800, 1.116279069767441000 ) ;
#2858 = LINE ( 'NONE', #458, #2174 ) ;
#2859 = CARTESIAN_POINT ( 'NONE',  ( 5.000000000000000900, 8.755477190138080300, 0.0000000000000000000 ) ) ;
#2860 = DIRECTION ( 'NONE',  ( -0.0000000000000000000, 1.000000000000000000, 0.0000000000000000000 ) ) ;
#2861 = DIRECTION ( 'NONE',  ( 1.000000000000000000, -7.878561074514640800E-017, 0.0000000000000000000 ) ) ;
#2862 = CARTESIAN_POINT ( 'NONE',  ( 4.588739290085681200, 7.890013110079941300, 0.0000000000000000000 ) ) ;
#2863 = CIRCLE ( 'NONE', #707, 4.999999999999998200 ) ;
#2864 = DIRECTION ( 'NONE',  ( -0.8660254037844380400, 6.823034035796898300E-017, -0.5000000000000010000 ) ) ;
#2865 = EDGE_CURVE ( 'NONE', #2258, #1670, #1163, .T. ) ;
#2866 = CARTESIAN_POINT ( 'NONE',  ( 3.351316911389080400, 29.69999999999999600, -1.934883720930235000 ) ) ;
#2867 = AXIS2_PLACEMENT_3D ( 'NONE', #2418, #1534, #1516 ) ;
#2868 = ORIENTED_EDGE ( 'NONE', *, *, #704, .F. ) ;
#2869 = CARTESIAN_POINT ( 'NONE',  ( -0.2250000000000000100, 0.0000000000000000000, -2.238721733489895000 ) ) ;
#2870 = ORIENTED_EDGE ( 'NONE', *, *, #70, .T. ) ;
#2871 = DIRECTION ( 'NONE',  ( -7.878561074514640800E-017, -1.000000000000000000, -0.0000000000000000000 ) ) ;
#2872 = VERTEX_POINT ( 'NONE', #1007 ) ;
#2873 = ORIENTED_EDGE ( 'NONE', *, *, #1321, .F. ) ;
#2874 = CARTESIAN_POINT ( 'NONE',  ( 3.869767441860463300, 29.89999999999999500, 0.0000000000000000000 ) ) ;
#2875 = ORIENTED_EDGE ( 'NONE', *, *, #2173, .F. ) ;
#2876 =( LENGTH_UNIT ( ) NAMED_UNIT ( * ) SI_UNIT ( .MILLI., .METRE. ) );
#2877 = ORIENTED_EDGE ( 'NONE', *, *, #1211, .T. ) ;
#2878 = DIRECTION ( 'NONE',  ( -1.000000000000000000, 4.802536467244269600E-019, 0.0000000000000000000 ) ) ;
#2879 = ORIENTED_EDGE ( 'NONE', *, *, #1112, .T. ) ;
#2880 = AXIS2_PLACEMENT_3D ( 'NONE', #808, #1918, #2612 ) ;
#2881 = DIRECTION ( 'NONE',  ( 1.000000000000000000, -7.878561074514640800E-017, 0.0000000000000000000 ) ) ;
#2882 = EDGE_CURVE ( 'NONE', #2842, #1467, #1043, .T. ) ;
#2883 = ORIENTED_EDGE ( 'NONE', *, *, #2608, .F. ) ;
#2884 = DIRECTION ( 'NONE',  ( 0.0000000000000000000, 0.0000000000000000000, 1.000000000000000000 ) ) ;
#2885 = CARTESIAN_POINT ( 'NONE',  ( 3.351316911389080400, 30.00000000000000000, -1.934883720930234500 ) ) ;
#2886 = ORIENTED_EDGE ( 'NONE', *, *, #598, .T. ) ;
#2887 = AXIS2_PLACEMENT_3D ( 'NONE', #1090, #672, #1963 ) ;
#2888 = CARTESIAN_POINT ( 'NONE',  ( 3.861683577674804200, 29.89999999999999500, 0.2500000000000000000 ) ) ;
#2889 = PRESENTATION_LAYER_ASSIGNMENT (  '', '', ( #1225 ) ) ;
#2890 = CARTESIAN_POINT ( 'NONE',  ( 1.050922246249483600E-015, 29.89999999999999500, 0.0000000000000000000 ) ) ;
#2891 = DIRECTION ( 'NONE',  ( -0.8660254037844379300, 0.0000000000000000000, 0.5000000000000010000 ) ) ;
#2892 = CYLINDRICAL_SURFACE ( 'NONE', #1931, 3.869767441860462400 ) ;
#2893 = LINE ( 'NONE', #2349, #237 ) ;
#2894 = DIRECTION ( 'NONE',  ( -1.055527038717743000E-017, -1.000000000000000000, 3.939280537257328400E-017 ) ) ;
ENDSEC;
END-ISO-10303-21;
